/*
Navicat MySQL Data Transfer

Source Server         : 10.1.20.11
Source Server Version : 50561
Source Host           : 10.1.20.11:3306
Source Database       : ticketing2

Target Server Type    : MYSQL
Target Server Version : 50561
File Encoding         : 65001

Date: 2019-02-25 14:32:17
*/

SET FOREIGN_KEY_CHECKS=0;

-- ----------------------------
-- Table structure for bagian_departemen
-- ----------------------------
DROP TABLE IF EXISTS `bagian_departemen`;
CREATE TABLE `bagian_departemen` (
  `id_bagian_dept` int(11) NOT NULL AUTO_INCREMENT,
  `nama_bagian_dept` varchar(30) NOT NULL,
  `id_dept` int(11) NOT NULL,
  PRIMARY KEY (`id_bagian_dept`) USING BTREE
) ENGINE=InnoDB AUTO_INCREMENT=4 DEFAULT CHARSET=latin1 ROW_FORMAT=COMPACT;

-- ----------------------------
-- Records of bagian_departemen
-- ----------------------------
INSERT INTO `bagian_departemen` VALUES ('1', 'IT SUPPORT', '1');
INSERT INTO `bagian_departemen` VALUES ('2', 'WEB PROGRAMMER', '1');
INSERT INTO `bagian_departemen` VALUES ('3', 'SYSTEM DEVELOPMENT', '2');

-- ----------------------------
-- Table structure for departemen
-- ----------------------------
DROP TABLE IF EXISTS `departemen`;
CREATE TABLE `departemen` (
  `id_dept` int(11) NOT NULL AUTO_INCREMENT,
  `nama_dept` varchar(30) NOT NULL,
  PRIMARY KEY (`id_dept`) USING BTREE
) ENGINE=InnoDB AUTO_INCREMENT=3 DEFAULT CHARSET=latin1 ROW_FORMAT=COMPACT;

-- ----------------------------
-- Records of departemen
-- ----------------------------
INSERT INTO `departemen` VALUES ('1', 'IT DEPT');
INSERT INTO `departemen` VALUES ('2', 'SYSTEM DEVELOPMENT');

-- ----------------------------
-- Table structure for file
-- ----------------------------
DROP TABLE IF EXISTS `file`;
CREATE TABLE `file` (
  `id_file` int(10) NOT NULL AUTO_INCREMENT,
  `nama` varchar(200) DEFAULT NULL,
  `type` text,
  `ukuran` varchar(5) DEFAULT NULL,
  `reported` varchar(5) DEFAULT NULL,
  `id_ticket` varchar(13) DEFAULT NULL,
  PRIMARY KEY (`id_file`) USING BTREE
) ENGINE=InnoDB AUTO_INCREMENT=533 DEFAULT CHARSET=latin1 ROW_FORMAT=COMPACT;

-- ----------------------------
-- Records of file
-- ----------------------------
INSERT INTO `file` VALUES ('530', '2019-02-19-Alphabet.jpg', 'image/jpeg', '18959', 'U0002', 'T201902190087');
INSERT INTO `file` VALUES ('531', 'cprogrammingw1.jpeg', 'image/jpeg', '65364', 'U0002', 'T201902190087');
INSERT INTO `file` VALUES ('532', '2019-02-19-KTP_Jaksel.jpg', 'image/jpeg', '25266', 'U0002', 'T201902190087');

-- ----------------------------
-- Table structure for file_tracking
-- ----------------------------
DROP TABLE IF EXISTS `file_tracking`;
CREATE TABLE `file_tracking` (
  `id_file_tracking` int(10) NOT NULL AUTO_INCREMENT,
  `nama` varchar(200) DEFAULT NULL,
  `type` text,
  `ukuran` varchar(5) DEFAULT NULL,
  `reported` varchar(5) DEFAULT NULL,
  `id_tracking` varchar(13) DEFAULT NULL,
  PRIMARY KEY (`id_file_tracking`) USING BTREE
) ENGINE=InnoDB DEFAULT CHARSET=latin1 ROW_FORMAT=COMPACT;

-- ----------------------------
-- Records of file_tracking
-- ----------------------------

-- ----------------------------
-- Table structure for history_feedback
-- ----------------------------
DROP TABLE IF EXISTS `history_feedback`;
CREATE TABLE `history_feedback` (
  `id_feedback` int(11) NOT NULL AUTO_INCREMENT,
  `id_ticket` varchar(13) NOT NULL,
  `feedback` int(11) NOT NULL,
  `reported` varchar(5) NOT NULL,
  `deskripsi` text,
  PRIMARY KEY (`id_feedback`) USING BTREE
) ENGINE=InnoDB AUTO_INCREMENT=220 DEFAULT CHARSET=latin1 ROW_FORMAT=COMPACT;

-- ----------------------------
-- Records of history_feedback
-- ----------------------------
INSERT INTO `history_feedback` VALUES ('38', 'T201805210001', '1', 'U0005', null);
INSERT INTO `history_feedback` VALUES ('65', 'T201805300003', '1', 'U0009', null);
INSERT INTO `history_feedback` VALUES ('68', 'T201807180016', '1', 'U0008', null);
INSERT INTO `history_feedback` VALUES ('71', 'T201807060004', '1', 'U0008', null);
INSERT INTO `history_feedback` VALUES ('84', 'T201807310019', '1', 'U0006', null);
INSERT INTO `history_feedback` VALUES ('85', 'T201808030021', '1', 'U0006', null);
INSERT INTO `history_feedback` VALUES ('87', 'T201807060005', '1', 'U0008', null);
INSERT INTO `history_feedback` VALUES ('88', 'T201807090010', '1', 'U0008', null);
INSERT INTO `history_feedback` VALUES ('89', 'T201807110013', '1', 'U0008', null);
INSERT INTO `history_feedback` VALUES ('90', 'T201808020020', '1', 'U0007', null);
INSERT INTO `history_feedback` VALUES ('93', 'T201807090008', '1', 'U0006', null);
INSERT INTO `history_feedback` VALUES ('94', 'T201807060006', '1', 'U0008', null);
INSERT INTO `history_feedback` VALUES ('110', 'T201807250017', '1', 'U0009', null);
INSERT INTO `history_feedback` VALUES ('111', 'T201807160014', '1', 'U0009', null);
INSERT INTO `history_feedback` VALUES ('113', 'T201807060007', '1', 'U0008', null);
INSERT INTO `history_feedback` VALUES ('120', 'T201808100023', '1', 'U0008', null);
INSERT INTO `history_feedback` VALUES ('121', 'T201807090009', '1', 'U0006', null);
INSERT INTO `history_feedback` VALUES ('122', 'T201807110011', '1', 'U0007', null);
INSERT INTO `history_feedback` VALUES ('123', 'T201807180015', '1', 'U0009', null);
INSERT INTO `history_feedback` VALUES ('125', 'T201808150025', '1', 'U0008', null);
INSERT INTO `history_feedback` VALUES ('126', 'T201808140024', '1', 'U0006', null);
INSERT INTO `history_feedback` VALUES ('127', 'T201808280028', '1', 'U0006', null);
INSERT INTO `history_feedback` VALUES ('128', 'T201809040030', '1', 'U0008', null);
INSERT INTO `history_feedback` VALUES ('129', 'T201809060031', '1', 'U0008', null);
INSERT INTO `history_feedback` VALUES ('130', 'T201809140034', '1', 'U0008', null);
INSERT INTO `history_feedback` VALUES ('131', 'T201809170035', '1', 'U0008', null);
INSERT INTO `history_feedback` VALUES ('134', 'T201808270026', '1', 'U0006', null);
INSERT INTO `history_feedback` VALUES ('135', 'T201809120032', '1', 'U0006', null);
INSERT INTO `history_feedback` VALUES ('136', 'T201807110012', '1', 'U0009', null);
INSERT INTO `history_feedback` VALUES ('137', 'T201809140033', '1', 'U0008', null);
INSERT INTO `history_feedback` VALUES ('138', 'T201809240038', '1', 'U0006', null);
INSERT INTO `history_feedback` VALUES ('139', 'T201809280041', '1', 'U0008', null);
INSERT INTO `history_feedback` VALUES ('140', 'T201809270040', '1', 'U0006', null);
INSERT INTO `history_feedback` VALUES ('141', 'T201810010044', '1', 'U0006', null);
INSERT INTO `history_feedback` VALUES ('142', 'T201810010045', '1', 'U0006', null);
INSERT INTO `history_feedback` VALUES ('143', 'T201809190036', '1', 'U0006', null);
INSERT INTO `history_feedback` VALUES ('145', 'T201809280042', '1', 'U0009', null);
INSERT INTO `history_feedback` VALUES ('146', 'T201808090022', '1', 'U0008', null);
INSERT INTO `history_feedback` VALUES ('151', 'T201810030046', '1', 'U0003', null);
INSERT INTO `history_feedback` VALUES ('153', 'T201810050047', '1', 'U0006', null);
INSERT INTO `history_feedback` VALUES ('156', 'T201810040046', '1', 'U0008', null);
INSERT INTO `history_feedback` VALUES ('158', 'T201808310029', '1', 'U0008', null);
INSERT INTO `history_feedback` VALUES ('159', 'T201810110049', '1', 'U0008', null);
INSERT INTO `history_feedback` VALUES ('160', 'T201809260039', '1', 'U0008', null);
INSERT INTO `history_feedback` VALUES ('162', 'T201810160051', '1', 'U0008', null);
INSERT INTO `history_feedback` VALUES ('163', 'T201810160052', '1', 'U0008', null);
INSERT INTO `history_feedback` VALUES ('165', 'T201810010043', '1', 'U0006', null);
INSERT INTO `history_feedback` VALUES ('167', 'T201808270027', '1', 'U0007', null);
INSERT INTO `history_feedback` VALUES ('168', 'T201805280002', '1', 'U0005', null);
INSERT INTO `history_feedback` VALUES ('170', 'T201810240054', '1', 'U0008', null);
INSERT INTO `history_feedback` VALUES ('172', 'T201810310056', '1', 'U0006', null);
INSERT INTO `history_feedback` VALUES ('173', 'T201809190037', '1', 'U0003', null);
INSERT INTO `history_feedback` VALUES ('174', 'T201810300055', '1', 'U0008', null);
INSERT INTO `history_feedback` VALUES ('175', 'T201810080048', '1', 'U0008', null);
INSERT INTO `history_feedback` VALUES ('177', 'T201811050057', '1', 'U0006', null);
INSERT INTO `history_feedback` VALUES ('178', 'T201810220053', '1', 'U0005', null);
INSERT INTO `history_feedback` VALUES ('180', 'T201811120059', '1', 'U0006', null);
INSERT INTO `history_feedback` VALUES ('181', 'T201811090058', '1', 'U0018', '');
INSERT INTO `history_feedback` VALUES ('184', 'T201811120060', '1', 'U0006', null);
INSERT INTO `history_feedback` VALUES ('187', 'T201807270018', '1', 'U0006', null);
INSERT INTO `history_feedback` VALUES ('188', 'T201811140061', '1', 'U0006', null);
INSERT INTO `history_feedback` VALUES ('190', 'T201812040064', '1', 'U0006', null);
INSERT INTO `history_feedback` VALUES ('191', 'T201811230062', '1', 'U0006', null);
INSERT INTO `history_feedback` VALUES ('193', 'T201811260063', '1', 'U0008', null);
INSERT INTO `history_feedback` VALUES ('195', 'T201812140066', '1', 'U0008', null);
INSERT INTO `history_feedback` VALUES ('196', 'T201812190068', '1', 'U0008', null);
INSERT INTO `history_feedback` VALUES ('197', 'T201812190067', '1', 'U0017', null);
INSERT INTO `history_feedback` VALUES ('199', 'T201812110065', '1', 'U0006', null);
INSERT INTO `history_feedback` VALUES ('201', 'T201901030071', '1', 'U0008', null);
INSERT INTO `history_feedback` VALUES ('202', 'T201812280069', '1', 'U0008', null);
INSERT INTO `history_feedback` VALUES ('204', 'T201901080072', '1', 'U0008', null);
INSERT INTO `history_feedback` VALUES ('206', 'T201901020070', '0', 'U0005', null);
INSERT INTO `history_feedback` VALUES ('207', 'T201901080073', '1', 'U0008', null);
INSERT INTO `history_feedback` VALUES ('208', 'T201901100074', '1', 'U0006', null);
INSERT INTO `history_feedback` VALUES ('213', 'T201901220082', '1', 'U0008', null);
INSERT INTO `history_feedback` VALUES ('214', 'T201901160079', '1', 'U0008', null);
INSERT INTO `history_feedback` VALUES ('215', 'T201901220081', '1', 'U0008', null);
INSERT INTO `history_feedback` VALUES ('216', 'T201901160077', '1', 'U0006', null);
INSERT INTO `history_feedback` VALUES ('218', 'T201902070084', '1', 'U0002', null);
INSERT INTO `history_feedback` VALUES ('219', 'T201902110086', '1', 'U0002', null);

-- ----------------------------
-- Table structure for informasi
-- ----------------------------
DROP TABLE IF EXISTS `informasi`;
CREATE TABLE `informasi` (
  `id_informasi` int(11) NOT NULL AUTO_INCREMENT,
  `tanggal` datetime NOT NULL,
  `subject` varchar(35) NOT NULL,
  `pesan` text NOT NULL,
  `status` decimal(2,0) NOT NULL,
  `id_user` varchar(5) NOT NULL,
  PRIMARY KEY (`id_informasi`) USING BTREE
) ENGINE=InnoDB AUTO_INCREMENT=3 DEFAULT CHARSET=latin1 ROW_FORMAT=COMPACT;

-- ----------------------------
-- Records of informasi
-- ----------------------------
INSERT INTO `informasi` VALUES ('1', '2017-12-08 17:20:05', 'TESTING PROGRAM', 'APLIKASI TIKETING MDLN', '1', 'U0001');
INSERT INTO `informasi` VALUES ('2', '2018-03-26 15:20:39', 'SERVER DOWN', 'DIKARENAKAN 2 AC SERVER MATI, MENGAKIBATKAN 3 HARDISK OVERHEAT. MAKA SERVER DIPASTIKAN DOWN..\nTERIMA KASIH', '1', 'U0001');

-- ----------------------------
-- Table structure for kategori
-- ----------------------------
DROP TABLE IF EXISTS `kategori`;
CREATE TABLE `kategori` (
  `id_kategori` int(11) NOT NULL AUTO_INCREMENT,
  `nama_kategori` varchar(35) NOT NULL,
  PRIMARY KEY (`id_kategori`) USING BTREE
) ENGINE=InnoDB AUTO_INCREMENT=10 DEFAULT CHARSET=latin1 ROW_FORMAT=COMPACT;

-- ----------------------------
-- Records of kategori
-- ----------------------------
INSERT INTO `kategori` VALUES ('7', 'SYSTEM');
INSERT INTO `kategori` VALUES ('8', 'DATA');

-- ----------------------------
-- Table structure for kondisi
-- ----------------------------
DROP TABLE IF EXISTS `kondisi`;
CREATE TABLE `kondisi` (
  `id_kondisi` int(11) NOT NULL AUTO_INCREMENT,
  `nama_kondisi` varchar(30) NOT NULL,
  `waktu_respon` decimal(10,0) NOT NULL,
  PRIMARY KEY (`id_kondisi`) USING BTREE
) ENGINE=InnoDB AUTO_INCREMENT=3 DEFAULT CHARSET=latin1 ROW_FORMAT=COMPACT;

-- ----------------------------
-- Records of kondisi
-- ----------------------------
INSERT INTO `kondisi` VALUES ('1', 'URGENT', '3');
INSERT INTO `kondisi` VALUES ('2', 'NORMAL', '7');

-- ----------------------------
-- Table structure for sub_kategori
-- ----------------------------
DROP TABLE IF EXISTS `sub_kategori`;
CREATE TABLE `sub_kategori` (
  `id_sub_kategori` int(11) NOT NULL AUTO_INCREMENT,
  `nama_sub_kategori` varchar(35) NOT NULL,
  `id_kategori` int(11) NOT NULL,
  PRIMARY KEY (`id_sub_kategori`) USING BTREE
) ENGINE=InnoDB AUTO_INCREMENT=12 DEFAULT CHARSET=latin1 ROW_FORMAT=COMPACT;

-- ----------------------------
-- Records of sub_kategori
-- ----------------------------
INSERT INTO `sub_kategori` VALUES ('7', 'BUGS FORM', '7');
INSERT INTO `sub_kategori` VALUES ('8', 'REQUEST FORM', '7');
INSERT INTO `sub_kategori` VALUES ('9', 'REQUEST REPORT', '7');
INSERT INTO `sub_kategori` VALUES ('10', 'BUGS REPORT', '7');
INSERT INTO `sub_kategori` VALUES ('11', 'DATA ERROR', '8');

-- ----------------------------
-- Table structure for ticket
-- ----------------------------
DROP TABLE IF EXISTS `ticket`;
CREATE TABLE `ticket` (
  `id_ticket` varchar(13) NOT NULL,
  `tanggal` datetime NOT NULL,
  `tanggal_proses` datetime NOT NULL,
  `tanggal_solved` datetime NOT NULL,
  `reported` varchar(5) NOT NULL,
  `app` varchar(50) NOT NULL,
  `id_sub_kategori` int(11) NOT NULL,
  `problem_summary` varchar(50) NOT NULL,
  `problem_detail` text NOT NULL,
  `id_support` varchar(5) NOT NULL,
  `status` int(11) NOT NULL,
  `progress` decimal(10,0) NOT NULL,
  `feedback` varchar(1) DEFAULT NULL,
  PRIMARY KEY (`id_ticket`) USING BTREE
) ENGINE=InnoDB DEFAULT CHARSET=latin1 ROW_FORMAT=COMPACT;

-- ----------------------------
-- Records of ticket
-- ----------------------------
INSERT INTO `ticket` VALUES ('T201805210001', '2018-05-21 09:15:38', '2018-05-21 10:26:48', '2018-05-21 10:32:18', 'U0005', 'ast_desktop', '10', 'GAGAL', 'INPUT DATA', 'U0011', '6', '100', 'Y');
INSERT INTO `ticket` VALUES ('T201805280002', '2018-06-07 11:47:34', '0000-00-00 00:00:00', '0000-00-00 00:00:00', 'U0005', 'ast_desktop', '11', 'REPORT MUTASI KAS BANK EROR', 'HAL INI TERJADI DI ENTITY GSM, UNTUK BANK BTN\nKENAPA SAAT MEMBUKA REPORT MUTASE KAS/BANK (GL POSTED), DATA BANK TIDAK TAMPIL YA? SEDANGKAN JIKA DI CEK DI GENERAL LEDGER UNTUK ACCOUNT BANK BTN TSB MUNCUL.', 'U0011', '6', '100', 'Y');
INSERT INTO `ticket` VALUES ('T201805300003', '2018-05-30 08:56:26', '0000-00-00 00:00:00', '2018-07-11 11:24:43', 'U0009', 'ast_desktop', '7', 'CN OWNERSHIP', 'PADA SAAT MAU MELAKUKAN PENGIPUTAN CN OWNERSHIP MUNCUL FORM DATA INCOMEPLETE TRANSACTION. PADAHALA KLIK NEW BUKAN MELAKUKAN PERBAIKAN DI FORM TERSEBUT.', 'U0011', '6', '100', 'Y');
INSERT INTO `ticket` VALUES ('T201807060004', '2018-07-06 14:31:31', '2018-07-23 15:27:52', '2018-07-23 15:28:17', 'U0008', 'ast_desktop', '8', 'PENGALIHAN HAK MODUL OWNERSHIP', 'DI PROJECT JGC ENTITY MDL SAAT INI KAMI INGIN MENGGUNAKAN FORM PENGALIHAN HAK OWNERSHIP , MOHON UNTUK DIBUATKAN PROSES PENGALIHAN HAK DI MODUL OWNERSHIP DENGAN KONSEP SBB :\n\n1.	PENGALIHAN HAK OWNERSHIP HANYA BISA DILAKUKAN DENGAN VALIDASI UNIT TERSEBUT HARUS SUDAH SERAH TERIMA DAN MEMPUNYAI DEBTOR IPKL\n2.	PENGALIHAN HAK OWNERSHIP TIDAK MENGACU ATAU MERUBAH APAPUN DI SALES (PIUTANG SALES,BOOKING ENTRY,DLL)\n3.	PENGALIHAN HAK OWNERSHIP HANYA MENGUPDATE/MEREPLACE INVOICE IPKL DAN PIUTANG IPKL YANG LAMA MENJADI PEMILIK BARU.\n4.	DEBTOR BARU AKAN TERBENTUK ATAU TEREPLACE SAAT PENGALIHAN HAK OWNERSHIP DI POSTING    (JADI USER HANYA MEMBUAT CUSTOMER ID DI FORM DEBTOR MASTER FILE)\n5.	 UNTUK FIELD TO OWNER DI FORM PENGALIHAN HAK LOOK UP KE CUSTOMER MASTER DENGAN PARAMETER BUSINESS_ID DAN NAMA', 'U0011', '6', '100', 'Y');
INSERT INTO `ticket` VALUES ('T201807060005', '2018-07-06 14:38:55', '0000-00-00 00:00:00', '2018-08-08 14:28:48', 'U0008', 'ast_desktop', '8', 'POSTING PENALTY PER INVOICE', 'TOLONG UNTUK POSTING PENALTY DIBUAT MENJADI POSTING PER INVOICE, KARENA YANG SAAT INI BERJALAN POSTING PENALTY PER DEBTOR.', 'U0011', '6', '100', 'Y');
INSERT INTO `ticket` VALUES ('T201807060006', '2018-07-06 14:41:25', '0000-00-00 00:00:00', '2018-08-10 09:37:54', 'U0008', 'ast_desktop', '9', 'PRINT ALL UNTUK OUTPUT AJB', 'MOHON DIBUATKAN PROSES PRINT ALL UNTUK PROSES OUTPUT AJB , DENGAN PARAMETER TANGGAL DIBUATNYA PROSES AJB, UNTUK OUTPUT NY TOLONG DI TEMPEL DI MODUL AR > OUTPUT > REPORT LEGAL', 'U0011', '6', '100', 'Y');
INSERT INTO `ticket` VALUES ('T201807060007', '2018-07-06 14:43:23', '2018-08-15 11:25:36', '2018-08-15 11:26:51', 'U0008', 'ast_desktop', '7', 'MASTER DEBTOR VA', 'MOHON UNTUK NOMOR VA DI TEMPEL DI UNIT, KARENA SAAT INI SETIAP ADA CANCELLATION DAN INPUT SP BARU, DEBTOR VA TERBENTUK JUGA', 'U0011', '6', '100', 'Y');
INSERT INTO `ticket` VALUES ('T201807090008', '2018-07-09 09:04:15', '2018-08-08 15:59:44', '2018-08-08 16:01:24', 'U0006', 'ast_desktop', '7', 'ERROR TENANCY MANAGEMENT', 'MOHON BANTUANNYA, SAAT MEMBUKA LOT MASTER FILE DI TENANCY MANAGEMENT MUNCUL MSGBOX SEPERTI GAMBAR TERLAMPIR.', 'U0011', '6', '100', 'Y');
INSERT INTO `ticket` VALUES ('T201807090009', '2018-07-09 13:50:07', '2018-07-10 09:16:37', '2018-07-10 09:18:28', 'U0006', 'ast_desktop', '8', 'SPK MANUAL', 'TOLONG UPDATE KEMBALI SPK MANUAL YANG LAMA.', 'U0011', '6', '100', 'Y');
INSERT INTO `ticket` VALUES ('T201807090010', '2018-07-09 14:03:22', '2018-08-02 16:41:49', '2018-08-02 16:42:52', 'U0008', 'ast_desktop', '7', 'ERROR ADD DETAIL BOOKING ESTIMATE MODULE PL', 'MOHON DI CHECK UNTUK FORM BOOKING ESTIMATE DI MODULE PL, KARENA SERING TERJADI ERROR SAAT MENAMBAH DETAIL DI FORM BOOKING ESTIMATE, SEPERTI DI LAMPIRAN DOKUMEN,', 'U0011', '6', '100', 'Y');
INSERT INTO `ticket` VALUES ('T201807110011', '2018-07-11 09:42:48', '0000-00-00 00:00:00', '2018-07-11 10:57:34', 'U0007', 'ast_desktop', '11', 'DN DOUBLE', 'TRANSAKSI DN (DEBIT NOTE) MUNCUL 2X/DOUBLE DI EXTERNAL GENERAL JOURNAL.\nDOC_NO : JC/DN/18/07/00002', 'U0011', '6', '100', 'Y');
INSERT INTO `ticket` VALUES ('T201807110012', '2018-07-11 10:25:56', '2018-08-23 08:55:47', '2018-09-18 08:43:59', 'U0009', 'ast_desktop', '7', 'VA OR AUTO', 'UNTUK FORM OR AUTO YANG DIBICARAKAN MEETING TERKAHIR, DI MANA DETAIL DI FORM TERSEBUT TIDAK BISA REFRESH OTOMATIS. SEHINGGA MENYEBABKAN TIDAK MUNCUL PPN DI FORM TERSEBUT PADA BAGIAN DETAIL. SERTA DI BAGIAN DETAIL FORM TERSEBUT, INVOICE BERJALAN JUGA TIDAK MUNCUL.', 'U0011', '6', '100', 'Y');
INSERT INTO `ticket` VALUES ('T201807110013', '2018-07-11 17:05:30', '0000-00-00 00:00:00', '2018-08-08 14:23:20', 'U0008', 'ast_desktop', '7', 'ERROR IMPORT SALES', 'MOHON DI CHECK UNTUK FORM IMPORT SALES TERJADI ERROR SAAT MELAKUKAN IMPORT MASTER UNIT.', 'U0011', '6', '100', 'Y');
INSERT INTO `ticket` VALUES ('T201807160014', '2018-07-16 17:24:00', '2018-08-08 15:30:14', '2018-08-10 09:36:47', 'U0009', 'ast_desktop', '7', 'TIDAK BISA TERBENTUK INVOICE TENANCY', 'TIDAK DAPAT TERBENTUK INVOICE MILIK TENANCY PADA MODUL TENANCY MANAGEMENT UNTUK BULAN JULI 2018. SAYA MENJALANKAN PADA FORM \"CONTRACT SIGNING ENTRY STANDING\", PADAHAL SAYA SUDAH MELAKUKAN APPROVE DAN SAVE PADA TAB \"OTHER CHANGE\". CONTOH KODE UNIT TERLAMPIR PADA GAMBAR.', 'U0011', '6', '100', 'Y');
INSERT INTO `ticket` VALUES ('T201807180015', '2018-07-18 10:37:26', '0000-00-00 00:00:00', '2018-07-23 15:29:39', 'U0009', 'ast_desktop', '10', 'ERROR KARTU PIUTANG KONSUMEN (GSM)', 'PADA SAAT MAU MENAMPILKAN REPORT KARTU PIUTANG KONSUMEN (AR). MUNCUL ERROR PADA GAMBAR (ATTACHMENT), NAMUN ITU HANYA BERLAKU PADA PROJECT GSM (GOLDEN SURYA MAKMUR).', 'U0011', '6', '100', 'Y');
INSERT INTO `ticket` VALUES ('T201807180016', '2018-07-18 17:28:07', '2018-07-23 15:26:13', '2018-07-23 15:27:13', 'U0008', 'ast_desktop', '11', 'ERROR ALOKASI OR SALES', 'MOHON DI CHECK DAN INFO UNTUK DEBTOR H1 / 015/001 UNTUK PENERIMAAN JC/BM/18/07/00234 TIDAK BISA DI ALOKASI, MUNCUL ERROR SEPERTI DI GAMBAR TERLAMPIR.\nTERIMA KASIH', 'U0011', '6', '100', 'Y');
INSERT INTO `ticket` VALUES ('T201807250017', '2018-07-25 11:37:37', '2018-08-10 08:53:33', '2018-08-10 09:14:16', 'U0009', 'ast_desktop', '10', 'TOTAL SALDO', 'PADA LAPORAN KARTU PIUTANG KONSUMEN (AR), NILAI TOTAL SALDO AKHIR TIDAK SESUAI DENGAN SEHARUSNYA. KARENA KONSUMEN ADA PEMBAYARAN DAN DI POTONG NILAI CN. HARUSNYA SALDO KONSUMEN TERSEBUT 75.225.841. UNTUK UNIT \"YD/GF/07\".', 'U0011', '6', '100', 'Y');
INSERT INTO `ticket` VALUES ('T201807270018', '2018-07-27 11:13:53', '2018-11-21 16:18:23', '2018-11-21 15:35:49', 'U0006', 'ast_desktop', '10', 'USER AKTIF (LOG)', 'MOHON BANTUANNYA UNTUK DI CEK KEMBALI,\nTERJADI CASE DIMANA USER KM (ATAS NAMA DEDI) SEDANG MEMBUKA EXTERNAL JOURNAL. USER HO (ATAS NAMA PITFUNG) SEDANG POSTING CASHBOOK DAN TERJADI REQUEST TIME OUT.\nDIINFOKAN KE USER KM UNTUK TUTUP FORM TAPI MASIH TERJADI LOCK, DAN SETELAH LOGOUT BARU SYSTEM BERJALAN DENGAN NORMAL.', 'U0011', '6', '100', 'Y');
INSERT INTO `ticket` VALUES ('T201807310019', '2018-07-31 14:35:01', '0000-00-00 00:00:00', '2018-08-08 14:21:29', 'U0006', 'ast_desktop', '7', 'INSERT STANDING CHARGES OWNERSHIP', 'DEAR TEAM AST,\n\nMOHON BANTUANNYA, SERING TERJADI KETIKA USER MAU INSERT NEW STANDING CHARGES OWNERSHIP TAPI ICON INSERT TIDAK DAPAT DIGUNAKAN.', 'U0011', '6', '100', 'Y');
INSERT INTO `ticket` VALUES ('T201808020020', '2018-08-02 14:48:16', '0000-00-00 00:00:00', '2018-08-02 16:41:07', 'U0007', 'ast_desktop', '7', 'ERROR INPUT MASTER ACTIVITY', 'KETIKA INPUT MULTI ACTIVITY MUNCUL ERROR (TERLAMPIR)', 'U0011', '6', '100', 'Y');
INSERT INTO `ticket` VALUES ('T201808030021', '2018-08-03 09:03:41', '0000-00-00 00:00:00', '2018-08-08 14:19:36', 'U0006', 'ast_desktop', '10', 'PRINT KWITANSI ESTATE OR AUTO', 'MOHON BANTUANNYA, TERJADI ERROR DIMANA SAAT MAU PRINT KWITANSI ESTATE DI OR AUTO DAN MUNCUL MSGBOX TANDA PENTUNG.\n\nTERIMAKASIH.', 'U0011', '6', '100', 'Y');
INSERT INTO `ticket` VALUES ('T201808090022', '2018-08-09 08:34:52', '2018-10-02 15:39:25', '2018-10-02 15:40:59', 'U0008', 'ast_desktop', '7', 'FORM PPJB ADMIN DOKUMEN', 'MOHON BANTUANNY TEAM AST UNTUK MEMBENARKAN PROSES APPROVE DAN UNAPPROVE UNTUK INPUT PPJB, KARENA YANG SAAT INI TERJADI UNTUK TOMBOL APPROVE TIDAK MEMASUKKAN PASSWORD DAN UNTUK TOMBOL UNAPPROVE KETIKA DI KLIK DAN BERHASIL, MUNCUL POP UP YANG MEMBINGUNGKAN USER APAKAH INPUT BERHASIL DI UNAPPROVE , TERLAMPIR GAMBAR.', 'U0011', '6', '100', 'Y');
INSERT INTO `ticket` VALUES ('T201808100023', '2018-08-10 10:34:45', '2018-08-23 10:51:29', '2018-08-23 10:52:45', 'U0008', 'ast_desktop', '11', 'DOUBLE ACTIVITY_CD DI ACTIVITY MASTER MODULE PL', 'DEAR TEAM AST, MOHON BANTUANNYA UNTUK TOTAL BUDGET YANG BERBEDA DI FORM BOOKING ESTIMATE DENGAN REPORT MASTER BUDGET,\nSETELAH DI CHECK ADA 2 ACTIVITY_CODE YANG SAMA DALAM REPORT, MENYEBABKAN SUM TOTAL NY LEBIH BESAR, TOLONG UNTUK DI FORM MASTER ACTIVITY NYA DIBUATKAN VALIDASI PRIMARY KEY TERHADAP ACTIVITY_CODE, \n\nTERIMA KASIH.', 'U0014', '6', '100', 'Y');
INSERT INTO `ticket` VALUES ('T201808140024', '2018-08-14 10:31:06', '0000-00-00 00:00:00', '2018-08-16 08:30:18', 'U0006', 'ast_desktop', '7', 'ERROR DEBIT NOTE AP', 'DEAR TEAM AST,\nMOHON BANTUANNYA TERJADI ERROR PADA FORM DEBIT NOTE AP. DIMANA SAAT MASUK FORM ENTRY KEMUDIAN KE ALLOCATION, BALIK LAGI KE ENTRY DAN PILIH SEARCH RECORD TERJADI ERROR SEPERTI LAMPIRAN GAMBAR.\nTERIMAKASIH.', 'U0014', '6', '100', 'Y');
INSERT INTO `ticket` VALUES ('T201808150025', '2018-08-15 11:12:56', '2018-08-27 17:33:10', '2018-08-27 17:34:50', 'U0008', 'ast_desktop', '7', 'VALIDASI FORM PENGAJUAN KREDIT', 'DEAR TEAM AST MOHON BANTUANNYA UNTUK FORM PENGAJUAN KPR DI VALIDASI KETIKA NOMINAL DI SPR 0 PROSES TIDAK BISA DILANJUTKAN, KARENA ADA KASUS USER SALAH MEMILIH TRX_TYPE PADA SAAT PEMBUATAN PAYMENT PLAN KPR, DIISI DENGAN DP  YANG SEHARUSNYA KR.\nDAN KPR UNIT G7 / 005 A.N. ROBIN SUSANTO TSB  TIDAK BISA DI UNPOST.', 'U0011', '6', '100', 'Y');
INSERT INTO `ticket` VALUES ('T201808270026', '2018-08-27 09:43:46', '0000-00-00 00:00:00', '2018-09-14 08:53:08', 'U0006', 'ast_desktop', '7', 'ERROR ALLOCATION CREDIT NOTE OWNERSHIP', 'DEAR AST,\nMOHON BANTUANNYA. TERJADI ERROR PADA FORM CREDIT NOTE OWNERSHIP PADA NO PS/CN/18/08/00069 SAAT ALLOCATION NILAINYA TIDAK SAMA DENGAN AMOUNTNYA.\nDISINI SAYA ALOKASI DENGAN NILAI 3JT TP PADA AMOUNT TERTULIS 6JT.\n\nBERIKUT SAYA LAPIRKAN SCREENSHOT FORMNYA.\nTERIMAKASIH.', 'U0011', '6', '100', 'Y');
INSERT INTO `ticket` VALUES ('T201808270027', '2018-08-27 10:47:33', '0000-00-00 00:00:00', '2018-08-27 11:33:15', 'U0007', 'ast_desktop', '7', 'DESCRIPTION TIDAK MUNCUL DI FORM EXT. GENERAL JOUR', 'PAK HOTNIEL,\n\nMOHON BANTUANNYA UNTUK CASE BERIKUT.\nKAMI SUDAH MELAKUKAN REFUND OR (DI LOKAL)  UNTUK TRANSAKSI JC/BM/18/05/00320 UNIT A17 / 67 AN DAVID ALFA PERDANA, SE.\nREFUND OR TERSEBUT SUDAH DIPOSTING, TETAPI KETIKA KAMI CEK DI EXT. GENERAL JOURNAL KOLOM DESCRIPTIONNYA KOSONG.\nJADI KAMI TIDAK BISA MELIHAT KETERANGAN DARI JOURNAL OR NYA.\n\n\nMOHON BANTUANNYA YA PAK,TERIMA KASIH.', 'U0011', '6', '100', 'Y');
INSERT INTO `ticket` VALUES ('T201808280028', '2018-08-28 16:16:59', '0000-00-00 00:00:00', '2018-08-28 16:28:41', 'U0006', 'ast_desktop', '7', 'INSERT STANDING CHARGES OWNERSHIP', 'DEAR TEAM AST,\nMOHON BANTUANNYA UNTUK INSERT STANDING CHARGES OWNERSHIP TIDAK BISA DI KLIK. SETELAH SAYA LIHAT STATUS YANG ADA PADA OWNERSHIP ENTRY, UNTUK STATUS \'ENTRY\' ICON INSERT PADA STANDING CHARGES TIDAK DAPAT DI KLIK. SEDANGKAN UNTUK STATUS \'CONTRACTED\' DAN \'POSTED\' ICON ENTRYNYA DAPAT DI KLIK.\nTERIMA KASIH.', 'U0011', '6', '100', 'Y');
INSERT INTO `ticket` VALUES ('T201808310029', '2018-08-31 15:12:47', '2018-10-09 16:30:04', '2018-10-09 16:30:43', 'U0008', 'ast_desktop', '7', 'SALES CANCELLATION', 'DEAR TEAM AST, MOHON BANTUANNY UNTUK CHECK POSTING CANCELLATION, KARENA ADA PROSES CANCEL YANG GAGAL DENGAN UNIT J15 / 021 A.N. MERY SUMARNI, DIA SUDAH STATUS POSTED DI CANCELLATION TAPI DI MASTER UNIT STATUS UNIT MASIH SPR, DAN DI BOOKING ENTRY MASIH ADA DENGAN CUSTOMER TSB, TERIMA KASIH..', 'U0011', '6', '100', 'Y');
INSERT INTO `ticket` VALUES ('T201809040030', '2018-09-04 09:10:14', '0000-00-00 00:00:00', '2018-09-04 11:14:02', 'U0008', 'ast_desktop', '7', 'SPK ENTRY TIDAK TERBENTUK TOTAL AMOUNT', 'DEAR TEAM AST, MOHON DICHECK UNTUK FORM SPK ENTRY DI MODULE SPK ATAU SPK DIRECT , SAAT MENGINPUT DI DETAIL, TOTAL AMOUNT TIDAK TERBENTUK, TERIMA KASIH', 'U0014', '6', '100', 'Y');
INSERT INTO `ticket` VALUES ('T201809060031', '2018-09-06 09:46:32', '0000-00-00 00:00:00', '2018-09-07 09:24:29', 'U0008', 'ast_desktop', '8', 'FIELD ROUNDING SPK ENTRY', 'DEAR TEAM AST, TOLONG UNTUK FIELD ROUNDING DI FORM SPK ENTRY DI BUAT DEFAULT NY BERNILAI 0, UNTUK MENCEGAH TOTAL AMOUNT NY YANG TIDAK TERBENTUK APABILA USER LUPA MENGINPUT, TERIMA KASIH.', 'U0014', '6', '100', 'Y');
INSERT INTO `ticket` VALUES ('T201809120032', '2018-09-12 12:04:30', '0000-00-00 00:00:00', '2018-09-18 09:55:30', 'U0006', 'ast_desktop', '11', 'JOURNAL PENERIMAAN YANG ADA PPH', 'MOHON BANTUANNYA,\n\nUNTUK PENERIMAAN YG INVOICENYA ADA AMOUNT PPH, HASIL JOURNAL YG TERBENTUK HARUS ADA COA PPHNYA.\n\nTERIMAKASIH.', 'U0011', '6', '100', 'Y');
INSERT INTO `ticket` VALUES ('T201809140033', '2018-09-14 18:43:22', '2018-09-21 17:15:00', '2018-09-21 17:17:05', 'U0008', 'ast_desktop', '11', 'REFUND OR', 'MOHON BANTUANNYA UNTUK UNIT A17 / 67 MENJALANKAN PROSES REFUND KARENA INVOICE YANG SUDAH DI BAYARKAN MINTA DI KEMBALIKAN KARENA AKAN DIALOKASIKAN KE KPR (NAIK PLAFON), SETELAH PROSES REFUND OR  DIJALANKAN DAN DILAKUKAN REVISI UNTUK MENGALOKASIKAN NILAI REFUND KE KPR, DIPIUTANG MALAH MENAMBAH SALDO DAN PRICE DI KARTU PIUTANG.', 'U0011', '6', '100', 'Y');
INSERT INTO `ticket` VALUES ('T201809140034', '2018-09-14 19:05:23', '0000-00-00 00:00:00', '2018-09-17 13:07:28', 'U0008', 'ast_desktop', '11', 'DN DATA ERROR', 'MOHON BANTUANNY TEAM AST, ADA DN UNTUK INVOICE JC/IP/18/08/00115, SEBESAR 18172727, KARENA ADA PPH SEBESAR 7.5%, MAKA DI DN DI INPUT SEBESAR DPP 16809773, SETELAH DN DI APPROVE, DI PIUTANG MUNCUL DN SEBESAR 18039756, SELISIH 132971 DARI NILAI INVOICE.', 'U0011', '6', '100', 'Y');
INSERT INTO `ticket` VALUES ('T201809170035', '2018-09-17 16:54:53', '0000-00-00 00:00:00', '2018-09-18 15:51:58', 'U0008', 'ast_desktop', '11', 'INVOICE SPK MUNCUL DI AP INVOICE ENTRY MANUAL', 'DEAR TEAM AST, MOHON BANTUAN DAN PENJELASAN UNTUK INVOICE SPK YANG MUNCUL DI AP INVOICE ENTRY, KASUS INI KETEMU PADA TGL 25-JULY-2018, SAMPAI SEKARANG INVOICE TERSEBUT MASIH ADA, TERIMA KASIH.', 'U0014', '6', '100', 'Y');
INSERT INTO `ticket` VALUES ('T201809190036', '2018-09-19 10:07:16', '0000-00-00 00:00:00', '2018-10-01 13:36:13', 'U0006', 'ast_desktop', '11', 'ERROR DATA KARTU PIUTANG KONSUMEN', 'DEAR TEAM AST, MOHON BANTUANNYA TERJADI ERROR PADA REPORT KARTU PIUTANG KONSUMEN. DIMANA ADA NILAI OUTSTANDING UNTUK MATERAI TAPI JUMLAH SALDO AKHIRNYA TIDAK SAMA DENGAN OUTSTANDING KARENA ADA SELISIH PPH.\n\nBERIKUT SAYA BERIKAN LAMPIRAN KARTU PIUTANG UNTUK DEBTOR KAV/0234/O DI MIE.\nTERIMA KASIH.', 'U0011', '6', '100', 'Y');
INSERT INTO `ticket` VALUES ('T201809190037', '2018-09-19 14:14:14', '2018-10-09 10:18:32', '2018-11-06 14:25:47', 'U0009', 'ast_desktop', '10', 'REPORT PROYEKSI PENERIMAAN', 'BISAKAH REPORT \"LAPORAN PROYEKSI PENERIMAAN\" (AR->REPORT->REPORT (SALES) -> NO.9, DIMUNCULKAN NILAI PAYMENT TRANSAKSI KPR. KARENA REPORT TERSEBUT NILAINYA TIDAK SAMA (JIKA ADA TRANSAKSI KPR) DENGAN KARTU PIUTANG KOMSUMEN.', 'U0011', '6', '100', 'Y');
INSERT INTO `ticket` VALUES ('T201809240038', '2018-09-24 09:53:40', '0000-00-00 00:00:00', '2018-09-24 10:42:10', 'U0006', 'ast_desktop', '7', 'ERROR ASSIGN METERS MANAGEMENT', 'DEAR TEAM AST,\nMOHON BANTUANNYA UNTUK DIPERBAIKI FORM ASSIGN METER ID TO LOT SAAT KLIK BUTTON SEARCH TERJADI ERROR SEPERTI LAPIRAN GAMBAR.\nTERIMA KASIH.', 'U0014', '6', '100', 'Y');
INSERT INTO `ticket` VALUES ('T201809260039', '2018-09-26 14:26:08', '2018-10-12 14:55:51', '2018-10-12 16:30:07', 'U0008', 'ast_desktop', '8', 'TAX FIELD DI CLOSING SPK (PENCAIRAN RETENSI)', 'DEAR TEAM AST, MOHON BANTUANNY UNTUK FORM CLOSING SPK DI MODULE SPK UNTUK DI TAMBAHKAN TAX FIELD, KARENA SAAT INI SERING TERJADI KASUS UNTUK PENCAIRAN RETENSI BERBEDA PENGENAAN PAJAK NY DENGAN PENCAIRAN PROGRESS SPK.', 'U0014', '6', '100', 'Y');
INSERT INTO `ticket` VALUES ('T201809270040', '2018-09-27 14:28:01', '0000-00-00 00:00:00', '2018-09-28 11:38:56', 'U0006', 'ast_desktop', '7', 'ERROR KWITANSI KM', 'DEAR TEAM AST,\nMOHON BANTUAANNYA UNTUK PRINT KWITANSI DI KM MUNCUL MESSAGE BOX PENTUNG SEPERTI GAMBAR YANG DILAMPIRKAN.\nTERIMAKASIH.', 'U0011', '6', '100', 'Y');
INSERT INTO `ticket` VALUES ('T201809280041', '2018-09-28 09:06:58', '0000-00-00 00:00:00', '2018-09-28 11:41:25', 'U0008', 'ast_desktop', '11', 'OR IPKL K11/007', 'DEAR TEAM AST, MOHON BANTUANNY UNTUK  IPKL UNIT K11/007 TERJADI ERROR SAAT ALOKASI DI OR AUTO, HISTORY NYA DIA ADA BAYAR PARTIAL INVOICE JC/IS/18/06/00842 UNTUK BULAN JUNI, KETIKA OUTSTANDING BLN JUNI DIBAYAR MUNCUL ERROR TSB.\nTERIMA KASIH.', 'U0011', '6', '100', 'Y');
INSERT INTO `ticket` VALUES ('T201809280042', '2018-09-28 10:13:58', '0000-00-00 00:00:00', '2018-10-01 11:05:16', 'U0009', 'ast_desktop', '10', 'FORM COMPLAIN ENTRY', 'PADA SAAT KLIK TOMBOL REVIEW DI FORM COMPLAIN ENTRY, PADA PILIHAN \"OPTION FINANNCE\" HANYA MENCENTANG BAGIAN PENGEMBALIAN KONSUMEN. SEDANGKAN PADA REPORT REVIEWNYA MUNCUL CATEGORY PENGEMBALIAN KONSUMEN DAN CALIM DENDA. MOHON BANTUANNYA DALA HAL INI.', 'U0011', '6', '100', 'Y');
INSERT INTO `ticket` VALUES ('T201810010043', '2018-10-01 09:29:32', '0000-00-00 00:00:00', '2018-10-17 10:59:47', 'U0006', 'ast_desktop', '11', 'UPDATE USER DAN AUDIT DATE TRANSAKSI REJECT DI GL', 'DEAR TEAM AST,\nMOHON BANTUANNYA, UNTUK TRANSAKSI REJECT PADA GL UNTUK TETAP SELALU UPDATE USER DAN AUDIT DATE NYA.\nTERIMA KASIH.', 'U0011', '6', '100', 'Y');
INSERT INTO `ticket` VALUES ('T201810010044', '2018-10-01 09:56:38', '0000-00-00 00:00:00', '2018-10-01 10:02:18', 'U0006', 'ast_desktop', '7', 'POSTING CREDIT NOTE OWNERSHIP', 'Duplicate Ticket', 'U0014', '6', '100', 'Y');
INSERT INTO `ticket` VALUES ('T201810010045', '2018-10-01 10:00:32', '0000-00-00 00:00:00', '2018-10-01 10:30:30', 'U0006', 'ast_desktop', '7', 'POSTING CREDIT NOTE OWNERSHIP', 'DEAR TEAM AST,\nMOHON BANTUANNYA, TIDAK BISA POSTING UNTUK NO PS/CN/18/09/00024 DAN MUNCUL MSG BOX SEPERTI LAMPIRAN.\nTERIMA KASIH', 'U0011', '6', '100', 'Y');
INSERT INTO `ticket` VALUES ('T201810040046', '2018-10-04 16:03:01', '0000-00-00 00:00:00', '2018-10-09 13:18:28', 'U0008', 'ast_desktop', '10', 'FORM BAST', 'DEAR TEAM AST, MOHON BANTUANNY UNTUK CHECK BAST UNTUK UNIT \n\n•	A17/080               : HERRI SANJAYA\n•	A17/086               : ARLIANY SUTANTA\n•	A8/117                  : YULIANA ITEH\n\nTIDAK BISA SERAH TERIMA', 'U0011', '6', '100', 'Y');
INSERT INTO `ticket` VALUES ('T201810050047', '2018-10-05 10:16:39', '0000-00-00 00:00:00', '2018-10-05 11:24:36', 'U0006', 'ast_desktop', '7', 'ERROR UNPOST CREDIT NOTE', 'DEAR TEAM AST,\nMOHON BANTUANNYA, SAAT MAU UNPOST CREDIT NOTE MUNCUL MSG BOX \'QUERY TIME OUT\'.\nNOTE: MAU UNPOST NO PS/CN/18/10/00006   \n\nTERIMA KASIH', 'U0011', '6', '100', 'Y');
INSERT INTO `ticket` VALUES ('T201810080048', '2018-10-08 15:48:12', '0000-00-00 00:00:00', '2018-11-06 14:55:07', 'U0008', 'ast_desktop', '7', 'VALIDASI FORM REVISION', 'DEAR TEAM AST, MOHON INFONYA UNTUK VALIDASI FORM REVISION BUKAN SEHARUSNYA NILAI NEW PAYMENT PLAN = NILAI OUTSTANDING?\nKARENA SAAT INI BANYAK TERJADI KESALAHAN REVISION KARENA TIDAK ADANYA VALIDASI DI FORM REVISION, TERIMA KASIH,', 'U0011', '6', '100', 'Y');
INSERT INTO `ticket` VALUES ('T201810110049', '2018-10-11 09:15:09', '0000-00-00 00:00:00', '2018-10-12 10:03:05', 'U0008', 'ast_desktop', '11', 'PL - SPK ACTIVITY TIDAK MUNCUL', 'DEAR TEAM AST, MOHON BANTUAN INFO NYA UNTUK ADD DETAIL ACTIVITY DI SPK ENTRY, DI CONT ACTIVITY ADA ACTIVITY YANG TIDAK ADA (TIDAK MUNCUL) PADAHAL DI MASTER BUDGER ACTIVITY TSB ADA,\nCONTOH DARI GAMBAR TERLAMPIR ADALAH ACTIVITY LANDSCAPE DENGAN KODE HEADER 6000, TIDAK MUNCUL DI SPK ENTRY, TERIMA KASIH', 'U0014', '6', '100', 'Y');
INSERT INTO `ticket` VALUES ('T201810160050', '2018-10-16 13:43:57', '0000-00-00 00:00:00', '0000-00-00 00:00:00', 'U0008', 'ast_desktop', '11', 'SPK CLOSE TIDAK MUNCUL', 'Duplicate Ticket', '', '6', '100', 'Y');
INSERT INTO `ticket` VALUES ('T201810160051', '2018-10-16 14:05:16', '0000-00-00 00:00:00', '2018-10-16 14:22:07', 'U0008', 'ast_desktop', '11', 'SPK CLOSE TIDAK MUNCUL', 'DEAR TEAM AST, MOHON BANTUANNY UNTUK CHECK SPK JC/CT/17/12/00002, PROGRESS SDH 100% TETAPI DI FORM SPK CLOSE TIDAK MUNCUL, \n\nBERIKUT LINK DOWNLOAD DB YANG DIPAKAI \n\nHTTPS://DRIVE.GOOGLE.COM/FILE/D/1GVWRR0M-KUG5-IMMPXHEUF-YW0BSPB20/VIEW?USP=SHARING\n\nTERIMA KASIH', 'U0014', '6', '100', 'Y');
INSERT INTO `ticket` VALUES ('T201810160052', '2018-10-16 16:06:36', '0000-00-00 00:00:00', '2018-10-16 16:10:38', 'U0008', 'ast_desktop', '7', 'SPK CLOSE DIRECT ERROR POST', 'DEAR TEAM AST, MOHON BANTUANNY UNTUK UPLOAD UPDATE SPK DIRECT ERROR SESUAI PEMBICARAAN DI WA, TERIMA KASIH.', 'U0014', '6', '100', 'Y');
INSERT INTO `ticket` VALUES ('T201810220053', '2018-10-22 16:36:43', '0000-00-00 00:00:00', '2018-11-06 14:52:36', 'U0005', 'ast_desktop', '7', 'CHECK INVOICE', 'SAAT POSTING INVOICE ENTRY DAN POSTING INVOICE BILLING TOLONG DI TAMBAHKAN PENGECEKAN JIKA BULAN INVOICE LEBIH KECIL DARI BULAN BERJALAN DI AST, TOLONG DITAMBAHKAN NOTIF : ACCESS DENIED..', 'U0011', '6', '100', 'Y');
INSERT INTO `ticket` VALUES ('T201810240054', '2018-10-24 16:28:20', '2018-10-25 11:49:48', '2018-10-25 11:50:38', 'U0008', 'ast_desktop', '7', 'ERROR APPROVE PPJB', 'DEAR TEAM AST, MOHON BANTUANNY UNTUK CHECK FORM ADMIN DOKUMEN UNTUK PENGINPUTAN PPJB, SETIAP APPROVE KELUAR ERROR INCOMPLETE ENTRY, TERIMA KASIH', 'U0011', '6', '100', 'Y');
INSERT INTO `ticket` VALUES ('T201810300055', '2018-10-30 17:40:41', '2018-10-31 10:08:38', '2018-11-06 14:59:09', 'U0008', 'ast_desktop', '11', 'START DATE DAN END DATE BILL IPKL HILANG', 'DEAR TEAM AST, MOHON BANTUANNYA UNTUK START DATE DAN END DATE UNTUK BILL IPKL KEMBALI HILANG, *TERLAMPIR CAPTURE DB TGL 30/10/2018', 'U0011', '6', '100', 'Y');
INSERT INTO `ticket` VALUES ('T201810310056', '2018-10-31 13:26:40', '0000-00-00 00:00:00', '2018-10-31 13:40:10', 'U0006', 'ast_desktop', '7', 'ERROR INSERT PROGRESS PROJECT SPK DIRECT', 'DEAR TEAM AST, MOHON BANTUANNYA TERJADI ERROR PADA SAAT MAU INSERT DETAIL PROGRESS PROJECT SPK DIRECT TOMBOL INSERT TIDAK DAPAT DIGUNAKAN. SEPERTI LAMPIRAN GAMBAR YG SAYA SERTAKAN.\n\nTERIMA KASIH.', 'U0014', '6', '100', 'Y');
INSERT INTO `ticket` VALUES ('T201811050057', '2018-11-05 17:21:53', '2018-11-07 13:03:33', '2018-11-07 13:28:30', 'U0006', 'ast_desktop', '11', 'SOURCE_CODE NULL DI ACC_GLTRANS', 'DEAR TEAM AST,\nMOHON BANTUANNYA ADA BEBERAPA DATA DI ACC_GLTRANS YANG SOURCE CODENYA NULL UNTUK PROSES AKAD KREDIT DAN SUPAYA KEDEPANNYA TIDAK TERJADI LAGI SEPERTI KASUS INI.\n\nTERIMA KASIH', 'U0011', '6', '100', 'Y');
INSERT INTO `ticket` VALUES ('T201811090058', '2018-11-09 10:01:50', '0000-00-00 00:00:00', '2018-11-13 11:05:59', 'U0018', 'ast_desktop', '10', 'TIDAK BISA PRINT', 'USER \"WIDYA\" SUDAH BEBERAPA KALI MENGALAMI TIDAK BISA PRINT. \nTEST PRINT MELALUI GRAPHON BISA, KEMUDIAN DI TEST MELALUI AST TOMBOL PRINTNYA TIDAK BISA DI KLIK SEPERTI GAMBAR. \nKEMUDIAN SAYA COBA PINDAH SERVER YANG AWALNYA MENGGUNAKAN GLOBAL1.MODERNLAND.CO.ID MENJADI GLOBAL.MODERNLAND.CO.ID DAN HASILNYA TOMBOL PRINTER DAPAT DI KLIK. ATAU SEBALIKNYA KETIKA LOGIN DI GLOBAL.MODERNLAND.CO.ID TIDAK BISA PRINT TAPI KETIKA DI PINDAH KE GLOBAL1.MODERNLAND.CO.ID MAKA TOMBOL PRINT MUNCUL. \nKASUS INI SUDAH TERJADI BEBERAPA KALI. \nUNTUK SPEED INTERNETNYA SENDIRI TIDAK ADA MASALAH SEPERTI GAMBAR.', 'U0014', '6', '100', 'Y');
INSERT INTO `ticket` VALUES ('T201811120059', '2018-11-12 09:49:53', '2018-11-13 09:01:19', '2018-11-13 09:12:39', 'U0006', 'ast_desktop', '8', 'APPROVE CONTRACT RENEWAL', 'DEAR TEAM AST,\nMOHON BANTUANNYA, UNTUK FORM APPROVE CONTRACT RENEWAL YANG ADA DI BILLING MANAGEMENTS DIPINDAH KE MODUL TENANCY MANAGEMENT.\nTERIMA KASIH', 'U0014', '6', '100', 'Y');
INSERT INTO `ticket` VALUES ('T201811120060', '2018-11-12 14:26:15', '2018-11-16 15:24:29', '2018-11-13 11:03:24', 'U0006', 'ast_desktop', '7', 'CONTRACT STANDING CHARGE SIGNING ENTRY TENANCY MAN', 'DEAR TEAM AST, \nMOHON BANTUANNYA, PADA SAAT INPUT OTHER CHARGE PADA CONTRACT STANDING CHARGE ENTRY KEMUDIAN SAAT FORM DITUTUP DAN DIBUKA LAGI DATA PADA OTHER CHARGE TERSEBUT HILANG, TAPI SAAT DI CEK DI DB DATA TERSEBUT MUNCUL', 'U0011', '6', '100', 'Y');
INSERT INTO `ticket` VALUES ('T201811140061', '2018-11-14 16:25:59', '2018-11-21 15:57:53', '2018-11-14 17:13:03', 'U0006', 'ast_desktop', '7', 'ERROR GENERATE BILLING KM', 'DEAR TEAM AST, MOHON BANTUANNYA TERJADI ERROR SAAT MAU GENERATE BILLING PADA PROJECT KM.\nCONTOH DATA YANG TIDAK BISA DI GENERATE \'LK-17/0001\'\nTERIMA KASIH.', 'U0014', '6', '100', 'Y');
INSERT INTO `ticket` VALUES ('T201811230062', '2018-11-23 09:17:42', '0000-00-00 00:00:00', '2018-11-23 10:30:11', 'U0006', 'ast_desktop', '11', 'DATA ERROR FIX ASSET', 'DEAR TEAM AST, MOHON BANTUANNYA TERDAPAT TEMUAN DATA UNTUK VOUCHER KM/SF/18/09/00001 NILAI SOURCE_CODE DAN TRX_TYPE BERBEDA ANTARA HEADER DAN DETAIL. DAN TOLONG UNTUK TRANSAKSI INI JANGAN DI HARD CODE.\nTERIMA KASIH.', 'U0014', '6', '100', 'Y');
INSERT INTO `ticket` VALUES ('T201811260063', '2018-11-26 16:29:57', '2018-11-28 09:44:59', '0000-00-00 00:00:00', 'U0008', 'ast_desktop', '7', 'PENGALIHAN HAK MODUL OWNERSHIP', 'DEAR TEAM AST, MOHON BANTUANNYA UNTUK FORM  PENGALIHAN HAK OWNERSHIP DIBERI VALIDASI HARUS SAVE DATA TERLEBIH DAHULU SEBELUM KLIK APPROVE, KARENA USER SERING KALI LANGSUNG APPROVE, MEMBUAT DATA HISTORY PENGALIHAN TIDAK TERECORD DI SYSTEM. TERIMA KASIH', 'U0011', '6', '100', 'Y');
INSERT INTO `ticket` VALUES ('T201812040064', '2018-12-04 14:05:36', '0000-00-00 00:00:00', '2018-12-04 14:47:31', 'U0006', 'ast_desktop', '11', 'CREDIT NOTE OWNERSHIP', 'DEAR AST,\nSAAT USER MAU INPUT CREDIT NOTE OWNERSHIP UNTUK DEBTOR KAV/0295/O DENGAN NO CN \'PS/CN/18/12/00002\' DAN NO INV  \'PS/IV/17/12/00003\' TAPI DI FORM CN TIDAK MUNCUL UNTUK NO INV TERSEBUT. KENAPA BISA SEPERTI INI YA?\nMOHON BANTUANNYA. TERIMA KASIH', 'U0011', '6', '100', 'Y');
INSERT INTO `ticket` VALUES ('T201812110065', '2018-12-11 10:38:45', '2018-12-11 16:04:10', '0000-00-00 00:00:00', 'U0006', 'ast_desktop', '7', 'GENERATE CHANGE RATE ERROR', 'DEAR TEAM AST, MOHON BANTUAANYA TERDAPAT ERROR GENERATE CHANGE RATE PADA MODUL OWNERSHIP MANAGEMENT SEPERTI GAMBAR TERLAMPIR.\nTERIMA KASIH', 'U0011', '6', '100', 'Y');
INSERT INTO `ticket` VALUES ('T201812140066', '2018-12-14 14:17:14', '2018-12-14 16:22:57', '0000-00-00 00:00:00', 'U0008', 'ast_desktop', '7', 'ALOKASI OR SALES', 'DEAR TEAM AST, MOHON BANTUAN INFONYA UNTUK ALOKASI OR UNIT NE/30B DI MSM, TIDAK BISA ALOKASI FULL TERHADAP NILAI BALANCE, TERDETEKSI OVERPAYMENT PADA OR TERSEBUT,\nTERIMA KASIH.', 'U0011', '6', '100', 'Y');
INSERT INTO `ticket` VALUES ('T201812190067', '2018-12-19 14:57:32', '0000-00-00 00:00:00', '0000-00-00 00:00:00', 'U0017', 'ast_desktop', '7', 'INVOICE PPH DEBIT NOTE', 'DEAR TEAM AST,\nMOHON BANTUAN NYA CEK FORM DEBIT NOTE, KARENA PADA SAAT POSTING DEBIT NOTE TERHADAP INVOICE YANG TERDAPAT PPH NYA DIA TERBENTUK JURNAL PPH.. \nSEDANG KAN PENGAKUAN PPH DI KITA PADA SAAT PEMBAYARAN.\n\nTERIMA KASIH', 'U0014', '6', '100', 'Y');
INSERT INTO `ticket` VALUES ('T201812190068', '2018-12-19 16:26:45', '0000-00-00 00:00:00', '2018-12-27 15:23:14', 'U0008', 'ast_desktop', '7', 'ERROR FIELD TOT OR FORM CANCELLATION', 'DEAR TEAM AST, MOHON INFO DAN BANTUANNY UNTUK FORM CANCELLATION, NILAI OR DI FORM TIDAK SAMA DENGAN DI KARTU PIUTANG, TERIMA KASIH', 'U0014', '6', '100', 'Y');
INSERT INTO `ticket` VALUES ('T201812280069', '2018-12-28 14:15:13', '2019-01-04 08:53:12', '2018-12-28 14:27:54', 'U0008', 'ast_desktop', '10', 'DN PRINT VOUCHER ERROR', 'DEAR TEAM AST, MOHON BANTUANNYA UNTUK CHECK PRINT VOUCHER DN TIDAK KELUAR NILAI DEBIT KREDIT NYA.\n\nTERIMA KASIH', 'U0014', '6', '100', 'Y');
INSERT INTO `ticket` VALUES ('T201901020070', '2019-01-02 11:10:47', '2019-01-10 14:18:11', '0000-00-00 00:00:00', 'U0005', 'ast_desktop', '11', 'ALTER NAMA KONSUMEN SALES', 'DI ENTITY MDL, PROJECT KM ADA KASUS DIMANA ADA NAMA KONSUMENNYA > DARI 60 KARAKTER. \nTOLONG DITABLE2 TERKAIT DENGAN MASTER KONSUMEN SALES DIALTER MENJADI 150 KARAKTER AGAR NAMA KONSUMEN BISA MUNCUL DI SP BOOKING ENTRY,', 'U0014', '4', '0', 'Y');
INSERT INTO `ticket` VALUES ('T201901030071', '2019-01-03 15:34:35', '2019-01-04 10:26:40', '0000-00-00 00:00:00', 'U0008', 'ast_desktop', '10', 'LAPORAN AGING KONSUMEN SUMMARY', 'DEAR TEAM AST, MOHON BANTUANNYA UNTUK CHECK LAPORAN AGING KONSUMEN SUMMARY, UNTUK PERIODE 31-90 HARI, KENAPA 0 SEMUA YA?\n\nTERIMA KASIH,', 'U0014', '6', '100', 'Y');
INSERT INTO `ticket` VALUES ('T201901080072', '2019-01-08 13:11:19', '2019-01-08 13:29:10', '2019-01-09 17:05:06', 'U0008', 'ast_desktop', '9', 'KWITANSI OR AUTO (IPKL)', 'DEAR TEAM AST, MOHON BANTUANNYA UNTUK SET FILE RPT TERLAMPIR HANYA UNTUK PROJECT JC, RPT TERLAMPIR UNTUK KWITANSI OR AUTO (IPKL).\n\nTERIMA KASIH.', 'U0014', '6', '100', 'Y');
INSERT INTO `ticket` VALUES ('T201901080073', '2019-01-08 17:38:02', '0000-00-00 00:00:00', '0000-00-00 00:00:00', 'U0008', 'ast_desktop', '10', 'REPORT KARTU HUTANG AP PAYMENT', 'DEAR TEAM AST, MOHON BANTUANNYA UNTUK CHECK REPORT KARTU HUTANG, KARENA UTK REPORT INI SUDAH 3 HARI PROSES LOAD NY BERAT,\nRANGE WAKTU 5-20 MENIT, KADANG TIDAK TERBUKA SAMA SEKALI.\n\nTERIMA KASIH', 'U0014', '6', '0', 'Y');
INSERT INTO `ticket` VALUES ('T201901100074', '2019-01-10 14:42:38', '0000-00-00 00:00:00', '2019-01-14 09:30:10', 'U0006', 'ast_desktop', '11', 'DATA FILTER ENTITY', 'DEAR TEAM AST, MOHON BANTUANNYA ADA TEMUAN PADA DATA ENTITY MIE MASUK KE ENTITY HO. SEPERTI GAMBAR YANG DI KIRIM.\n\nTERIMA KASIH.', 'U0014', '6', '100', 'Y');
INSERT INTO `ticket` VALUES ('T201901110075', '2019-01-11 15:32:26', '2019-01-16 13:17:27', '0000-00-00 00:00:00', 'U0005', 'ast_desktop', '11', 'SALAH PERHITUNGAN INTEREST PENALTY OWNERSHIP', 'UNTUK DENDA OWNERSHIP, DENDA DIHITUNG FLAT, JGN MENGGULUNG.\nDAN PERHITUNGAN DENDA BERDASARKAN DPP.\nCONTOH MASALAH:\nUNIT NV2/022/O, NILAI INVOICE PER BULAN, 271040,\nDENDA BULAN NOV DAN DES ADALAH 49290, DAN MASING2 DENDA BERNILAI 24640\n\nNOTES: FILE A.PNG TERDAPAT INVOICE DENDA MANUAL, MERUPAKAN NILAI YANG DENDA YANG BENAR.', 'U0011', '4', '0', null);
INSERT INTO `ticket` VALUES ('T201901160077', '2019-01-16 13:13:56', '2019-01-16 13:50:47', '2019-01-16 15:06:46', 'U0006', 'ast_desktop', '8', 'REQUST FILTER DI SERTIFIKAT INDUK AST', 'DEAR TEAM AST,\nMOHON BANTUANNYA, SEHUBUNGAN DENGAN PENGINPUTAN DATA KE SERTIFIKAT INDUK AST TERDAPAT KENDALA YAITU ADANYA GABUNGAN DATA DARI SEMUA DESA YANG MASUK KE SERTIFIKAT INDUK DI AST, UNTUK ITU KAMI MENGAJUKAN UNTUK ADANYA PENAMBAHAN BERUPA FILTER UNTUK MENCARI DATA BERDASARKAN DESA DAN NO. SERTIFIKAT. \nTERIMA KASIH.', 'U0014', '6', '100', 'Y');
INSERT INTO `ticket` VALUES ('T201901160079', '2019-01-16 15:36:41', '2019-01-17 09:27:05', '2019-01-25 09:36:10', 'U0008', 'ast_desktop', '11', 'SPK CLOSE JC/CT/16/05/00009', 'DEAR TEAM AST, MOHON BANTUAN DAN INFORMASI NYA UNTUK INVOICE YANG TERBENTUK PADA SAAT CLOSING SPK JC/CT/16/05/00009 PADA TANGGAL 11/01/2019, SAAT DIPOSTING MUNCUL INVOICE DENGAN NO JC/IP/18/04/00193 DENGAN AUDIT DATE 04/04/2018.\n\nTERLAMPIR LINK DB TGL 10 JANUARI SEBELUM INVOICE CLOSING TERBENTUK\nHTTPS://DRIVE.GOOGLE.COM/FILE/D/1DXJ1J_QHAK-MPZAT6-PPEACRUEA6T2_V/VIEW?USP=SHARING\n\nTERIMA KASIH\n\nHERI', 'U0014', '6', '100', 'Y');
INSERT INTO `ticket` VALUES ('T201901180080', '2019-01-18 11:58:46', '2019-01-18 14:13:33', '0000-00-00 00:00:00', 'U0006', 'ast_desktop', '8', 'REQUST VIRTUAL ACCOUNT', 'DEAR TEAM AST,\nMOHON BANTUANNYA UNTUK DITAMBAHKAN UPLOAD VIRTUAL ACCOUNT (VA) UNTUK BANK NIAGA.\nTERIMA KASIH.', 'U0014', '5', '0', 'Y');
INSERT INTO `ticket` VALUES ('T201901220081', '2019-01-22 09:47:00', '2019-01-23 14:30:14', '2019-01-25 09:36:23', 'U0008', 'ast_desktop', '7', 'ERROR AR TAX POSTING', 'DEAR TEAM AST, MOHON BANTUAN DAN INFONYA UNTUK CHECK FORM AR TAX POSTING, KETIKA KLIK \'REFRESH\' DATA TIDAK KELUAR DAN KELUAR POP UP ERROR SEPERTI DI LAMPIRAN GAMBAR.\n\nTERIMA KASIH\n\nHERI', 'U0014', '6', '100', 'Y');
INSERT INTO `ticket` VALUES ('T201901220082', '2019-01-22 10:15:39', '2019-01-23 14:02:46', '2019-01-23 14:45:53', 'U0008', 'ast_desktop', '8', 'VALIDASI TEXT BOX FORM SPK CLOSE', 'DEAR TEAM AST, MOHON BANTUANNYA UNTUK MEMUNCULKAN ALERT BOX SETIAP AKSI SAVE PADA FORM SPK CLOSE DENGAN ISI\n\" MOHON CHECK KEMBALI TANGGAL CLOSING SEBELUM APPROVE\",\n\nMOHON DIBUATKAN UNTUK MODULE SPK DAN SPK DIRECT\n\nTERIMA KASIH.\n\nHERI', 'U0014', '6', '100', 'Y');
INSERT INTO `ticket` VALUES ('T201901250083', '2019-01-25 16:11:00', '0000-00-00 00:00:00', '0000-00-00 00:00:00', 'U0008', 'ast_desktop', '10', 'DEBTOR IPKL DOUBLE', 'DEAR TEAM AST, MOHON BANTUANNYA CHECK DEBTOR IPKL E8/39/O UNTUK BILLINGANNYA TERDAPAT 2, DAN UNTUK SEBAGIAN BILLINGAN YANG SUDAH DI APPROVE DI STANDING CHARGE TIDAK MUNCUL DI MAINTAIN BILING.\n\n\nTERIMA KASIH', '', '1', '0', null);
INSERT INTO `ticket` VALUES ('T201902070085', '2019-02-07 14:51:32', '0000-00-00 00:00:00', '0000-00-00 00:00:00', 'U0002', 'ast_desktop', '11', 'TEST PROGRAM', 'TESSS', '', '1', '0', null);
INSERT INTO `ticket` VALUES ('T201902110086', '2019-02-11 14:39:10', '2019-02-11 14:43:55', '2019-02-11 14:53:05', 'U0002', 'ast_web', '10', 'TEST PROGRAM', 'FDCU', 'U0019', '6', '100', 'Y');
INSERT INTO `ticket` VALUES ('T201902190087', '2019-02-19 10:22:16', '0000-00-00 00:00:00', '0000-00-00 00:00:00', 'U0002', 'ast_web', '11', 'TEST', 'TEST ATTCH', '', '1', '0', null);

-- ----------------------------
-- Table structure for tracking
-- ----------------------------
DROP TABLE IF EXISTS `tracking`;
CREATE TABLE `tracking` (
  `id_tracking` int(11) NOT NULL AUTO_INCREMENT,
  `id_ticket` varchar(13) NOT NULL,
  `tanggal` datetime NOT NULL,
  `status` varchar(50) NOT NULL,
  `deskripsi` text NOT NULL,
  `id_user` varchar(5) NOT NULL,
  PRIMARY KEY (`id_tracking`) USING BTREE
) ENGINE=InnoDB AUTO_INCREMENT=1185 DEFAULT CHARSET=latin1 ROW_FORMAT=COMPACT;

-- ----------------------------
-- Records of tracking
-- ----------------------------
INSERT INTO `tracking` VALUES ('337', 'T201805210001', '2018-05-21 09:15:38', 'Created Ticket', 'TIKET DI BUAT', 'U0005');
INSERT INTO `tracking` VALUES ('338', 'T201805210001', '2018-05-21 09:17:57', 'Ticket disetujui', 'TICKET DIBERIKAN KEPADA VENDOR SUPPORT', 'U0011');
INSERT INTO `tracking` VALUES ('339', 'T201805210001', '2018-05-21 09:27:05', 'Diproses oleh vendor support', '', 'U0011');
INSERT INTO `tracking` VALUES ('340', 'T201805210001', '2018-05-21 09:29:33', 'Up Progress To 0 %', 'DIPOSESBARU', 'U0011');
INSERT INTO `tracking` VALUES ('341', 'T201805210001', '2018-05-21 09:45:10', 'Up Progress To 100 %', 'SELESAI', 'U0011');
INSERT INTO `tracking` VALUES ('342', 'T201805210001', '2018-05-21 10:11:17', 'Unsolved', 'Belum Tuntas', 'U0005');
INSERT INTO `tracking` VALUES ('343', 'T201805210001', '2018-05-21 10:11:58', 'Diproses oleh vendor support', '', 'U0011');
INSERT INTO `tracking` VALUES ('344', 'T201805210001', '2018-05-21 10:12:06', 'Up Progress To 0 %', 'PROSES KEMBALI', 'U0011');
INSERT INTO `tracking` VALUES ('345', 'T201805210001', '2018-05-21 10:18:51', 'Up Progress To 100 %', 'FINISH', 'U0011');
INSERT INTO `tracking` VALUES ('346', 'T201805210001', '2018-05-21 10:20:32', 'Unsolved', 'Masih belum selesai', 'U0005');
INSERT INTO `tracking` VALUES ('347', 'T201805210001', '2018-05-21 10:26:48', 'Diproses oleh vendor support', '', 'U0011');
INSERT INTO `tracking` VALUES ('348', 'T201805210001', '2018-05-21 10:27:02', 'Up Progress To 0 %', 'PROSES LAGI', 'U0011');
INSERT INTO `tracking` VALUES ('349', 'T201805210001', '2018-05-21 10:32:18', 'Up Progress To 100 %', 'ENDING', 'U0011');
INSERT INTO `tracking` VALUES ('462', 'T201805300003', '2018-05-30 08:56:26', 'Created Ticket', 'TIKET DI BUAT', 'U0009');
INSERT INTO `tracking` VALUES ('463', 'T201805280002', '2018-06-07 11:47:34', 'Created Ticket', 'TIKET DI BUAT', 'U0005');
INSERT INTO `tracking` VALUES ('475', 'T201805300003', '2018-07-04 09:02:32', 'Ticket disetujui', 'TICKET DITERIMA VENDOR SUPPORT', 'U0011');
INSERT INTO `tracking` VALUES ('476', 'T201805300003', '2018-07-04 09:04:21', 'Up Progress To 0 %', 'PAK RANGGAUNG,\n\nUNTUK CASE INI BUKAN NYA UDAH DIPERBAIKI YAH?\nINI TICKETING UNTUK TEST ATAU BUKAN YA PAK?\n\nTHANKS\nHOTNIEL SILAEN', 'U0011');
INSERT INTO `tracking` VALUES ('490', 'T201807060004', '2018-07-06 14:31:31', 'Created Ticket', 'TIKET DI BUAT', 'U0008');
INSERT INTO `tracking` VALUES ('491', 'T201807060005', '2018-07-06 14:38:55', 'Created Ticket', 'TIKET DI BUAT', 'U0008');
INSERT INTO `tracking` VALUES ('492', 'T201807060006', '2018-07-06 14:41:25', 'Created Ticket', 'TIKET DI BUAT', 'U0008');
INSERT INTO `tracking` VALUES ('493', 'T201807060007', '2018-07-06 14:43:23', 'Created Ticket', 'TIKET DI BUAT', 'U0008');
INSERT INTO `tracking` VALUES ('494', 'T201807090008', '2018-07-09 09:04:15', 'Created Ticket', 'TIKET DI BUAT', 'U0006');
INSERT INTO `tracking` VALUES ('495', 'T201807060005', '2018-07-09 09:30:16', 'Ticket disetujui', 'TICKET DITERIMA VENDOR SUPPORT', 'U0011');
INSERT INTO `tracking` VALUES ('496', 'T201807060005', '2018-07-09 09:34:23', 'Up Progress To 0 %', 'PAK HERI,\n\nUNTUK KASUS INI SERPERTI YANG SUDAH DI BAHAS, AKAN DI KENAKAN CHARGE.\nHAL INI AKAN DIKENAKAN 3 MAINDAYS. HAL INI KARENA PERUBAHAN KONSEP DARI YANG SUDAH BERJALAN. PERUBAHANNYA MENCAKUP FORM DAN JUGA STORE PROCEDURE POSTING PENALTY.\n\nTHANKS\nHOTNIEL SILAEN', 'U0011');
INSERT INTO `tracking` VALUES ('497', 'T201805280002', '2018-07-09 09:45:32', 'Ticket tidak disetujui', '', 'U0011');
INSERT INTO `tracking` VALUES ('499', 'T201807060006', '2018-07-09 09:46:41', 'Ticket disetujui', 'TICKET DITERIMA VENDOR SUPPORT', 'U0011');
INSERT INTO `tracking` VALUES ('500', 'T201807060006', '2018-07-09 09:49:32', 'Up Progress To 0 %', 'PAK HERI,\n\nUNTUK PRINT ALL AJB INI KEMUNGKINAN AKAN MENYEBABKAN SYSTEM JADI LAMBAT. HAL INI KARENA SEMUA DATA AJB AKAN DI PRINT SEKALIGUS. SEMAKIN BANYAK DATA AJB YANG DI INPUT MAKA SEMAKIN LAMA PROSES LOADING NYA.\nADA KEMUNGKINAN JUGA, HAL INI AKAN MENGGANGGU PROSES TRANSAKSI LAIN YANG DILAKUKAN BERSAMAAN ATAU SETELAH PROSES PRINT INI DILAKUKAN\n\nAPAKAH TIDAK MASALAH JIKA PROSES NYA LAMA?\n\nTHANKS\nHOTNIEL SILAEN', 'U0011');
INSERT INTO `tracking` VALUES ('501', 'T201807090009', '2018-07-09 13:50:07', 'Created Ticket', 'TIKET DI BUAT', 'U0006');
INSERT INTO `tracking` VALUES ('502', 'T201807090009', '2018-07-09 13:56:33', 'Ticket disetujui', 'TICKET DITERIMA VENDOR SUPPORT', 'U0011');
INSERT INTO `tracking` VALUES ('503', 'T201807090010', '2018-07-09 14:03:22', 'Created Ticket', 'TIKET DI BUAT', 'U0008');
INSERT INTO `tracking` VALUES ('511', 'T201807090010', '2018-07-09 14:31:47', 'Ticket disetujui', 'TICKET DITERIMA VENDOR SUPPORT', 'U0011');
INSERT INTO `tracking` VALUES ('513', 'T201807090009', '2018-07-09 14:35:57', 'Up Progress To 0 %', '', 'U0011');
INSERT INTO `tracking` VALUES ('514', 'T201807090009', '2018-07-09 14:40:06', 'Up Progress To 100 %', 'MOHON DIUPDATE KE SERVER, UNTUK DATA YANG LAMA CARA IMPORT TIDAK BISA LANGSUNG, JADI SAYA BUATKAN SCRIPT UNTUK INSERT DATA DARI DATABASE LAMA NYA. RSTORE DATABASE TANGGAL 28 MEI 2018, DENGAN NAMA PMS_STANDARD_0528, LALU JALANKAN SCRIPT \"INSERT DATA\" YANG TERLAMPIR DI ATTACHMENT UNTUK INSERT DATA LAMA KE DATABASE PMS_STANDARD', 'U0011');
INSERT INTO `tracking` VALUES ('526', 'T201807090009', '2018-07-10 09:07:25', 'Unsolved', 'unsolved', 'U0006');
INSERT INTO `tracking` VALUES ('527', 'T201807090009', '2018-07-10 09:16:37', 'Diproses oleh vendor support', '', 'U0011');
INSERT INTO `tracking` VALUES ('528', 'T201807090009', '2018-07-10 09:18:05', 'Up Progress To 0 %', 'NOTE REFER TO LAST INFORMATION ON THIS TICKET', 'U0011');
INSERT INTO `tracking` VALUES ('529', 'T201807090009', '2018-07-10 09:18:28', 'Up Progress To 100 %', '', 'U0011');
INSERT INTO `tracking` VALUES ('533', 'T201807110011', '2018-07-11 09:42:48', 'Created Ticket', 'TIKET DI BUAT', 'U0007');
INSERT INTO `tracking` VALUES ('534', 'T201807110012', '2018-07-11 10:25:56', 'Created Ticket', 'TIKET DI BUAT', 'U0009');
INSERT INTO `tracking` VALUES ('535', 'T201807060004', '2018-07-11 10:48:53', 'Ticket disetujui', 'TICKET DITERIMA VENDOR SUPPORT', 'U0011');
INSERT INTO `tracking` VALUES ('536', 'T201807090008', '2018-07-11 10:49:18', 'Ticket disetujui', 'TICKET DITERIMA VENDOR SUPPORT', 'U0011');
INSERT INTO `tracking` VALUES ('537', 'T201807110011', '2018-07-11 10:56:07', 'Ticket disetujui', 'TICKET DITERIMA VENDOR SUPPORT', 'U0011');
INSERT INTO `tracking` VALUES ('538', 'T201807110011', '2018-07-11 10:57:34', 'Up Progress To 100 %', 'DEAR BU ESTER,\n\nTERLAMPIR UPDATE UNTUK PERMASALAHAN INI.\n\nTHANKS\nHOTNIEL SILAEN', 'U0011');
INSERT INTO `tracking` VALUES ('539', 'T201805300003', '2018-07-11 11:24:43', 'Up Progress To 100 %', '', 'U0011');
INSERT INTO `tracking` VALUES ('540', 'T201807060004', '2018-07-11 11:53:25', 'Up Progress To 100 %', 'PAK HERI,\n\nTERLAMPIR UPDATE UNTUK KASUS PENGALIHAN HAK OWNERSHIP.\n\nTHANKS\nHOTNIEL SILAEN', 'U0011');
INSERT INTO `tracking` VALUES ('541', 'T201807110013', '2018-07-11 17:05:30', 'Created Ticket', 'TIKET DI BUAT', 'U0008');
INSERT INTO `tracking` VALUES ('542', 'T201807160014', '2018-07-16 17:24:00', 'Created Ticket', 'TIKET DI BUAT', 'U0009');
INSERT INTO `tracking` VALUES ('543', 'T201807160014', '2018-07-17 16:29:03', 'Ticket disetujui', 'TICKET DITERIMA VENDOR SUPPORT', 'U0011');
INSERT INTO `tracking` VALUES ('544', 'T201807060004', '2018-07-18 09:36:40', 'Unsolved', 'Mohon di betulkan kembali sesuai pembicaraan lewat telp dengan bu ester', 'U0008');
INSERT INTO `tracking` VALUES ('545', 'T201807180015', '2018-07-18 10:37:26', 'Created Ticket', 'TIKET DI BUAT', 'U0009');
INSERT INTO `tracking` VALUES ('546', 'T201807180016', '2018-07-18 17:28:07', 'Created Ticket', 'TIKET DI BUAT', 'U0008');
INSERT INTO `tracking` VALUES ('547', 'T201807180016', '2018-07-19 11:30:14', 'Ticket disetujui', 'TICKET DITERIMA VENDOR SUPPORT', 'U0011');
INSERT INTO `tracking` VALUES ('548', 'T201807180016', '2018-07-19 11:35:41', 'Up Progress To 0 %', 'PAK HERI, KALAU SAYA LIHAT DARI DATA INVOICE NYA.\nUNTUK PAJAK NYA ADALAH INCLUSIVE, SEHINGGA NILAI  PADA SAAT ALOKASI NILAI MAX ALOKASINYA ITU ADALAH NILAI SETELAH DI KURANGI DENGAN NILAI PAJAK.  \nTHANKS', 'U0011');
INSERT INTO `tracking` VALUES ('549', 'T201807180016', '2018-07-19 11:35:48', 'Up Progress To 100 %', 'PAK HERI, KALAU SAYA LIHAT DARI DATA INVOICE NYA.\nUNTUK PAJAK NYA ADALAH INCLUSIVE, SEHINGGA NILAI  PADA SAAT ALOKASI NILAI MAX ALOKASINYA ITU ADALAH NILAI SETELAH DI KURANGI DENGAN NILAI PAJAK.  \nTHANKS', 'U0011');
INSERT INTO `tracking` VALUES ('550', 'T201807180015', '2018-07-19 11:36:36', 'Ticket disetujui', 'TICKET DITERIMA VENDOR SUPPORT', 'U0011');
INSERT INTO `tracking` VALUES ('551', 'T201807180016', '2018-07-19 13:38:49', 'Unsolved', 'iya pak hotniel inclusive, klo yang di masukin harga ny yg sebelum pajak bukan ny  exclusive pak?', 'U0008');
INSERT INTO `tracking` VALUES ('554', 'T201807160014', '2018-07-20 17:04:21', 'Up Progress To 100 %', 'PAK RANGGAUNG,\n\nUNTUK PERMASALAHAN INI SUDAH SAYA PERBAIKI.\nPERBAIKAN DILAKUKAN PADA LEVEL FORM.\nBERIKUT LINK UNTUK UPDATEAN NYA.\nHTTPS://DRIVE.GOOGLE.COM/OPEN?ID=1OFCQAS36AJSAEELQKCZCENG5LIDSUZ_K\n\nTHANKS\nHOTNIEL SILAEN', 'U0011');
INSERT INTO `tracking` VALUES ('555', 'T201807180015', '2018-07-23 09:29:33', 'Up Progress To 0 %', 'Pak Ranggaung,\n\nUntuk error ini saya sudah coba via graphon dan tidak ada masalah. \nMohon di cek kembali.\n\nThanks\nHotniel Silaen', 'U0011');
INSERT INTO `tracking` VALUES ('556', 'T201807180016', '2018-07-23 15:26:13', 'Diproses oleh vendor support', '', 'U0011');
INSERT INTO `tracking` VALUES ('557', 'T201807180016', '2018-07-23 15:27:13', 'Up Progress To 100 %', 'Pak Heri,\n\nTerlampir link untuk file update terkait permasalahan di atas.\nhttps://drive.google.com/open?id=161S-hK6e20PNRr3vWwrXkDXjm5XMgZIa\n\nThanks\nHotniel Silaen', 'U0011');
INSERT INTO `tracking` VALUES ('558', 'T201807060004', '2018-07-23 15:27:52', 'Diproses oleh vendor support', '', 'U0011');
INSERT INTO `tracking` VALUES ('559', 'T201807060004', '2018-07-23 15:28:17', 'Up Progress To 100 %', 'Untuk permasalahan ini sudah di kirimkan kembali perbaikannya.', 'U0011');
INSERT INTO `tracking` VALUES ('560', 'T201807180015', '2018-07-23 15:29:39', 'Up Progress To 100 %', 'Setelah di cek via graphon, tidak di temukan masalah terkait hal ini.\nMohon di cek kembali, kemungkinan kendala nya muncul karena jaringan internet putus untuk project GSM nya.', 'U0011');
INSERT INTO `tracking` VALUES ('561', 'T201805280002', '2018-07-24 10:47:41', 'Ticket dikembalikan ke posisi belum di setujui', '', 'U0011');
INSERT INTO `tracking` VALUES ('562', 'T201805280002', '2018-07-24 10:47:45', 'Ticket tidak disetujui', '', 'U0011');
INSERT INTO `tracking` VALUES ('563', 'T201807160014', '2018-07-25 10:30:49', 'Unsolved', 'Saya cek untuk form ini masih belum bisa, terutam untuk invoice bulan juli.', 'U0009');
INSERT INTO `tracking` VALUES ('564', 'T201807090010', '2018-07-25 10:41:08', 'Up Progress To 100 %', 'Pak Heri silahkan diupdate.', 'U0011');
INSERT INTO `tracking` VALUES ('565', 'T201807090010', '2018-07-25 11:05:52', 'Unsolved', 'pak yulianto/pak hotniel, tolong di upload dengan file zip, atau bisa di email, karena file rar tidak kebaca di app ticket, terima kasih', 'U0008');
INSERT INTO `tracking` VALUES ('566', 'T201807250017', '2018-07-25 11:37:37', 'Created Ticket', 'TIKET DI BUAT', 'U0009');
INSERT INTO `tracking` VALUES ('584', 'T201807250017', '2018-07-26 08:57:23', 'Ticket disetujui', 'TICKET DITERIMA VENDOR SUPPORT', 'U0011');
INSERT INTO `tracking` VALUES ('585', 'T201807250017', '2018-07-26 08:58:11', 'Up Progress To 100 %', 'Pak Ranggaung,\n\nTerlampir update untuk permasalahan ini.\n\nThanks\nHotniel Silaen', 'U0011');
INSERT INTO `tracking` VALUES ('590', 'T201807270018', '2018-07-27 11:13:53', 'Created Ticket', 'TIKET DI BUAT', 'U0006');
INSERT INTO `tracking` VALUES ('597', 'T201807310019', '2018-07-31 14:35:01', 'Created Ticket', 'TIKET DI BUAT', 'U0006');
INSERT INTO `tracking` VALUES ('626', 'T201807090010', '2018-08-02 14:43:50', 'Diproses oleh vendor support', '', 'U0011');
INSERT INTO `tracking` VALUES ('627', 'T201808020020', '2018-08-02 14:48:16', 'Created Ticket', 'TIKET DI BUAT', 'U0007');
INSERT INTO `tracking` VALUES ('628', 'T201807090010', '2018-08-02 14:53:33', 'Up Progress To 100 %', 'Dear Pak Heri,\n\nTerlampir untuk update file nya dengan sudah saya ubah ke zip.\nSilahkan diupdatekan ke server.', 'U0011');
INSERT INTO `tracking` VALUES ('629', 'T201808020020', '2018-08-02 14:54:20', 'Ticket disetujui', 'TICKET DITERIMA VENDOR SUPPORT', 'U0011');
INSERT INTO `tracking` VALUES ('630', 'T201808020020', '2018-08-02 14:55:51', 'Up Progress To 0 %', 'Dear bu Ester,\n\nTerlampir untuk update form PL Activity yang tidak bisa save record lebih dari 1.\nSilahkan diupdate ke server.', 'U0011');
INSERT INTO `tracking` VALUES ('635', 'T201807090010', '2018-08-02 16:34:09', 'Unsolved', 'Tolong di upload ulang pak yulianto, terima kasih', 'U0008');
INSERT INTO `tracking` VALUES ('636', 'T201808020020', '2018-08-02 16:41:07', 'Up Progress To 100 %', 'Dear bu Ester, coba dengan file ini, bisa di download tidak?', 'U0011');
INSERT INTO `tracking` VALUES ('637', 'T201807090010', '2018-08-02 16:41:49', 'Diproses oleh vendor support', '', 'U0011');
INSERT INTO `tracking` VALUES ('638', 'T201807090010', '2018-08-02 16:42:52', 'Up Progress To 100 %', 'Dear Pak Heri,\n\nCoba lagi ya pak, sudah saya upload ulang.', 'U0011');
INSERT INTO `tracking` VALUES ('646', 'T201808030021', '2018-08-03 09:03:41', 'Created Ticket', 'TIKET DI BUAT', 'U0006');
INSERT INTO `tracking` VALUES ('671', 'T201807310019', '2018-08-08 11:02:48', 'Ticket disetujui', 'TICKET DITERIMA VENDOR SUPPORT', 'U0011');
INSERT INTO `tracking` VALUES ('673', 'T201807060007', '2018-08-08 11:03:12', 'Ticket disetujui', 'TICKET DITERIMA VENDOR SUPPORT', 'U0011');
INSERT INTO `tracking` VALUES ('674', 'T201807110012', '2018-08-08 11:03:14', 'Ticket disetujui', 'TICKET DITERIMA VENDOR SUPPORT', 'U0011');
INSERT INTO `tracking` VALUES ('675', 'T201807270018', '2018-08-08 11:03:26', 'Ticket disetujui', 'TICKET DITERIMA VENDOR SUPPORT', 'U0011');
INSERT INTO `tracking` VALUES ('676', 'T201808030021', '2018-08-08 11:03:37', 'Ticket disetujui', 'TICKET DITERIMA VENDOR SUPPORT', 'U0011');
INSERT INTO `tracking` VALUES ('679', 'T201807270018', '2018-08-08 14:16:51', 'Up Progress To 0 %', 'Bu Putri,\n\nUntuk case ini sedang di QC. Karena sebagian besar proses nya kita tune up.\nuntuk menghindari terjadinya lock proses.\nThanks\nhotniel', 'U0011');
INSERT INTO `tracking` VALUES ('681', 'T201808030021', '2018-08-08 14:19:36', 'Up Progress To 100 %', 'pak Heri,\n\n\nberdasarkan meeting pada tgl 02 agustus 2018 untuk case ini sudah di jelaskan oleh pak wawan ke bu jinny. Dan hasilnya, proses ini tidak ada perubahan dan mengikuti konsep yang sudah ada sekarang dalam system ast.\n\nHotniel', 'U0011');
INSERT INTO `tracking` VALUES ('682', 'T201807310019', '2018-08-08 14:21:29', 'Up Progress To 100 %', 'Dear Putri,\n\nuntuk kasus ini sudah di update via email tgl 01 agustus 2018.\n\nThanks\nHotniel', 'U0011');
INSERT INTO `tracking` VALUES ('683', 'T201807110013', '2018-08-08 14:22:25', 'Ticket disetujui', 'TICKET DITERIMA VENDOR SUPPORT', 'U0011');
INSERT INTO `tracking` VALUES ('684', 'T201807110013', '2018-08-08 14:23:20', 'Up Progress To 100 %', 'Pak heri,\n\nuntuk hal ini sudah di jelaskan oleh pak yulianto pada saat meeting tgl 02 agustus 2018.\nPenyebabnya ada format pada template di ubah oleh user.\n\nThanks\nhotniel Silaen', 'U0011');
INSERT INTO `tracking` VALUES ('685', 'T201807110012', '2018-08-08 14:25:39', 'Up Progress To 0 %', 'Dear Pak Ranggaung,\n\nSetelah saya melakukan QC untuk case ini. saya tidak menemukan masalah terkait OR auto.\nKonsepnya yang sekarang adalah jika masih ada invoice yang outstanding untuk debtor tersebut, maka pada saat download akan otomatis mengalokasikan nilai yang masih outstanding tersebut First In First Out (FIFO).\nMohon agar di cek kembali.\n\nThanks\nhotniel silaen', 'U0011');
INSERT INTO `tracking` VALUES ('686', 'T201807090008', '2018-08-08 14:26:39', 'Up Progress To 100 %', 'Dear Putri,\n\nUntuk case ini sudah di perbaiki dan sudah solve.\n\nThanks\nHotniel Silaen', 'U0011');
INSERT INTO `tracking` VALUES ('687', 'T201807060005', '2018-08-08 14:28:48', 'Up Progress To 100 %', 'Dear Pak Heri,\n\nUntuk case ini sudah di bahas pada tgl 02 agustus 2018.\nDan proses ini akan tetap dengan konsep yang sekarang.\n\nThanks\nHotniel', 'U0011');
INSERT INTO `tracking` VALUES ('689', 'T201807060007', '2018-08-08 14:41:28', 'Up Progress To 0 %', 'Heri\n\nuntuk hal ini sedang dilakukan pengecekan.\n\nthanks\nHotniel Silaen', 'U0011');
INSERT INTO `tracking` VALUES ('690', 'T201807090008', '2018-08-08 14:48:24', 'Unsolved', 'untuk tgl 1agustus tidak ada update untuk kasus ini, yg ada hanya untuk insert standing chargers ownership saja.', 'U0006');
INSERT INTO `tracking` VALUES ('691', 'T201807090008', '2018-08-08 15:15:31', 'Diproses oleh vendor support', '', 'U0011');
INSERT INTO `tracking` VALUES ('692', 'T201807090008', '2018-08-08 15:17:32', 'Up Progress To 100 %', 'Dear Bu Putri,\n\nUntuk case ini sudah di lakukan update pada tgl 20 Juli 2018.\n\nThanks\nhotniel Silaen', 'U0011');
INSERT INTO `tracking` VALUES ('693', 'T201807160014', '2018-08-08 15:30:14', 'Diproses oleh vendor support', '', 'U0011');
INSERT INTO `tracking` VALUES ('694', 'T201807090008', '2018-08-08 15:38:01', 'Unsolved', 'dear Hotniel,\ntolong di kirim ulang update untuk kasus ini. karena untuk tgl 20 saya hanya menerima update untuk ownership management yg tidak dapat melakukan proses untuk membuat invoice. terimakasih.', 'U0006');
INSERT INTO `tracking` VALUES ('695', 'T201807090008', '2018-08-08 15:59:44', 'Diproses oleh vendor support', '', 'U0011');
INSERT INTO `tracking` VALUES ('696', 'T201807090008', '2018-08-08 16:01:24', 'Up Progress To 100 %', 'Dear Bu Putri,\n\nMohon maaf bu, saya lupa.\nDi lokal saya saya sudah benerin, karena udah lewat hari saya ingat nya sudah kirim juga.\nTerlampir update untuk case ini.\n\nThanks\nHotniel Silaen', 'U0011');
INSERT INTO `tracking` VALUES ('697', 'T201808090022', '2018-08-09 08:34:52', 'Created Ticket', 'TIKET DI BUAT', 'U0008');
INSERT INTO `tracking` VALUES ('698', 'T201807250017', '2018-08-09 08:41:05', 'Unsolved', 'Masih belum benar', 'U0009');
INSERT INTO `tracking` VALUES ('720', 'T201807250017', '2018-08-10 08:53:33', 'Diproses oleh vendor support', '', 'U0011');
INSERT INTO `tracking` VALUES ('722', 'T201807250017', '2018-08-10 09:14:16', 'Up Progress To 100 %', 'Pak ranggaung,\n\nuntuk case ini, apakah lapiran saya sudah di update?\nkarena jika melihat date modify antara lokal saya dengan code yang saya terima per 01 agustus 2018 masih belum sama.\nMohon di cek kembali.\n\nThanks\nHotniel Silaen', 'U0011');
INSERT INTO `tracking` VALUES ('723', 'T201808090022', '2018-08-10 09:29:24', 'Ticket disetujui', 'TICKET DITERIMA VENDOR SUPPORT', 'U0011');
INSERT INTO `tracking` VALUES ('724', 'T201807110012', '2018-08-10 09:30:06', 'Up Progress To 100 %', '', 'U0011');
INSERT INTO `tracking` VALUES ('725', 'T201807160014', '2018-08-10 09:36:47', 'Up Progress To 100 %', 'Pak Ranggaung,\n\nUntuk case ini, tidak terbentuk billing karena booking date nya kosong.\nPada rabu kemarin, saya sudah langsung coba di live, \ndan sudah cek ke database nya juga. Setelah booking date nya saya isi, kemudian pada tab other charge saya edit > save. Billing nya sudah terbentuk.\n\nThanks\nHotniel', 'U0011');
INSERT INTO `tracking` VALUES ('726', 'T201807060006', '2018-08-10 09:37:54', 'Up Progress To 100 %', '', 'U0011');
INSERT INTO `tracking` VALUES ('727', 'T201808100023', '2018-08-10 10:34:45', 'Created Ticket', 'TIKET DI BUAT', 'U0008');
INSERT INTO `tracking` VALUES ('728', 'T201808100023', '2018-08-10 13:32:06', 'Ticket disetujui', 'TICKET DITERIMA VENDOR SUPPORT', 'U0014');
INSERT INTO `tracking` VALUES ('729', 'T201808100023', '2018-08-10 13:32:49', 'Up Progress To 0 %', 'Dear Pak Heri,\n\nUntuk form nya akan saya cek dan perbaiki, segera diinformasikan kembali hasil perbaikannya.', 'U0014');
INSERT INTO `tracking` VALUES ('741', 'T201805280002', '2018-08-10 16:35:12', 'Ticket dikembalikan ke posisi belum di setujui', '', 'U0016');
INSERT INTO `tracking` VALUES ('742', 'T201805280002', '2018-08-10 16:35:25', 'Ticket tidak disetujui', '', 'U0016');
INSERT INTO `tracking` VALUES ('753', 'T201807270018', '2018-08-13 09:03:12', 'Up Progress To 100 %', 'Dear Putri,\n\nTerlampir update untuk perbaikan user log.\nSekaligus tune up report.\n\nThanks\nHotniel Silaen', 'U0011');
INSERT INTO `tracking` VALUES ('755', 'T201805280002', '2018-08-13 09:08:36', 'Ticket dikembalikan ke posisi belum di setujui', '', 'U0011');
INSERT INTO `tracking` VALUES ('757', 'T201805280002', '2018-08-13 09:08:48', 'Ticket tidak disetujui', '', 'U0011');
INSERT INTO `tracking` VALUES ('761', 'T201807060007', '2018-08-13 09:20:33', 'Up Progress To 100 %', 'Dear Heri,\n\nTerlampir update untuk permasalahan ini.\nUpdate : pada saat buat booking entry baru setelah proses cancelation, debtor baru akan otomati mereplace debtor sebelum nya. Dan no VA untuk saat ini sudah ada di master unit.\n\nThanks\nHotniel Silaen', 'U0011');
INSERT INTO `tracking` VALUES ('763', 'T201807060007', '2018-08-13 09:34:07', 'Unsolved', 'Dear team ast mohon untuk upload file dengan file rar atau zip, karena file tersebut tidak bisa di download, terima kasih\n\nFYI\nada email ke email support ast dari admin ticketing tgl 08/08/2018 melampirkan info update module applikasi ticketing   ', 'U0008');
INSERT INTO `tracking` VALUES ('789', 'T201808140024', '2018-08-14 10:31:06', 'Created Ticket', 'TIKET DI BUAT', 'U0006');
INSERT INTO `tracking` VALUES ('790', 'T201808140024', '2018-08-14 10:58:57', 'Ticket disetujui', 'TICKET DITERIMA VENDOR SUPPORT', 'U0014');
INSERT INTO `tracking` VALUES ('791', 'T201808140024', '2018-08-14 10:59:38', 'Up Progress To 0 %', 'Dear Bu Putri,\n\nUntuk kendala ini akan kami cek dahulu, segara akan kami infokan update nya.\n\nTerima kasih\n-Yulianto', 'U0014');
INSERT INTO `tracking` VALUES ('792', 'T201807110012', '2018-08-14 14:56:35', 'Unsolved', 'Untuk form OR auto via (VA), invoice bulan berjalan tidak akan muncul jika masih ada outstanding. Jika unit tersebut disewakan ke orang lain dan penyewanya hanya mau bayar ipl bulan berjalan, bagaimana? ', 'U0009');
INSERT INTO `tracking` VALUES ('793', 'T201808150025', '2018-08-15 11:12:56', 'Created Ticket', 'TIKET DI BUAT', 'U0008');
INSERT INTO `tracking` VALUES ('794', 'T201808150025', '2018-08-15 11:18:58', 'Ticket disetujui', 'TICKET DITERIMA VENDOR SUPPORT', 'U0011');
INSERT INTO `tracking` VALUES ('795', 'T201808150025', '2018-08-15 11:19:53', 'Up Progress To 0 %', 'Pak Heri,\n\nUntuk case ini akan kami cek kembali untuk validasi nya, sehingga hal yang sama tidak terulang kembali.\n\nThanks\nHotniel Silaen', 'U0011');
INSERT INTO `tracking` VALUES ('796', 'T201807060007', '2018-08-15 11:25:36', 'Diproses oleh vendor support', '', 'U0011');
INSERT INTO `tracking` VALUES ('797', 'T201807060007', '2018-08-15 11:26:51', 'Up Progress To 100 %', 'Pak heri,\n\nTerlampir update untuk case ini.\n\nThanks\nHotniel Silaen', 'U0011');
INSERT INTO `tracking` VALUES ('798', 'T201808140024', '2018-08-16 08:30:18', 'Up Progress To 100 %', 'Terlampir untuk update form AP Debit Note. Silahkan diupdatekan ke server ya bu.\n\nTerima kasih\n-Yulianto', 'U0014');
INSERT INTO `tracking` VALUES ('799', 'T201808100023', '2018-08-21 10:22:16', 'Up Progress To 100 %', 'Dear Pak Heri,\n\nUntuk case ini sudah saya perbaiki ya pak, langsung saya update ke database nya untuk penambahan primary key nya. Saya sertakan juga script update nya.\n\nTerima kasih\n-Yulianto', 'U0014');
INSERT INTO `tracking` VALUES ('807', 'T201808100023', '2018-08-21 14:43:54', 'Up Progress To 100 %', 're upload file update', 'U0014');
INSERT INTO `tracking` VALUES ('813', 'T201807110012', '2018-08-23 08:55:47', 'Diproses oleh vendor support', '', 'U0011');
INSERT INTO `tracking` VALUES ('814', 'T201807110012', '2018-08-23 09:00:01', 'Up Progress To 0 %', 'Pak Ranggaung,\n\nJika melihat dari konsep yang sudah berjalan sekarang, OR auto VA akan otomatis mengalikasikan invoice yang masih outstanding untuk debtor terkait.\nKalau konsep yang dari pak ranggaung berarti jika menggunakan OR auto VA maka invoice yang masih outstanding tidak muncul atau gimana ya pak?\nMohon penjelasannya.\nDan untuk debtor yang hanya akan melakukan pembayaran untuk invoice IPL di bulan berjalan sementara kodisinya di bulan sebelum nya masih ada invoice outstanding maka proses nya adalah dengan melakukan proses refresh data sehingga invoice IPL yang akan di alokasikan muncul pada list detailnya.\n\nThanks\nHotniel Silaen', 'U0011');
INSERT INTO `tracking` VALUES ('815', 'T201808100023', '2018-08-23 11:18:08', 'Unsolved', 'Tolong di upload ulang, terima kasih\n', 'U0008');
INSERT INTO `tracking` VALUES ('821', 'T201808100023', '2018-08-23 10:51:29', 'Diproses oleh vendor support', '', 'U0014');
INSERT INTO `tracking` VALUES ('822', 'T201808100023', '2018-08-23 10:52:45', 'Up Progress To 100 %', 'Re Upload File', 'U0014');
INSERT INTO `tracking` VALUES ('823', 'T201808150025', '2018-08-24 15:01:16', 'Up Progress To 100 %', 'Pak heri,\nuntuk kasus ini, terlampir update validasi proses pengajuan kredit nya.\nValidasi nya di buat pada form Approval Akad Kredit sebelum masuk ke proses KPR.\n\nThanks\nHotniel Silaen', 'U0011');
INSERT INTO `tracking` VALUES ('824', 'T201808270026', '2018-08-27 09:43:46', 'Created Ticket', 'TIKET DI BUAT', 'U0006');
INSERT INTO `tracking` VALUES ('825', 'T201808270026', '2018-08-27 09:49:08', 'Ticket disetujui', 'TICKET DITERIMA VENDOR SUPPORT', 'U0011');
INSERT INTO `tracking` VALUES ('826', 'T201808270026', '2018-08-27 10:00:02', 'Up Progress To 0 %', 'Bu Putri,\n\nuntuk hal ini akan di cek kembali.\n\nThanks\nHotniel Silaen', 'U0011');
INSERT INTO `tracking` VALUES ('827', 'T201808270027', '2018-08-27 10:47:33', 'Created Ticket', 'TIKET DI BUAT', 'U0007');
INSERT INTO `tracking` VALUES ('828', 'T201808270027', '2018-08-27 10:58:57', 'Ticket disetujui', 'TICKET DITERIMA VENDOR SUPPORT', 'U0011');
INSERT INTO `tracking` VALUES ('829', 'T201808270027', '2018-08-27 11:33:15', 'Up Progress To 100 %', 'Sudah Ok', 'U0011');
INSERT INTO `tracking` VALUES ('830', 'T201808150025', '2018-08-27 18:19:55', 'Unsolved', 'Dear team AST, mohon dicari solusi lain untuk validasi SPR nominal 0 yang sekarang di taro di approval kredit , karena user tidak mau melakukan pembatalan KPR hanya karena kesalahan input dari divisi lain,\nTerima kasih', 'U0008');
INSERT INTO `tracking` VALUES ('831', 'T201808150025', '2018-08-27 17:33:10', 'Diproses oleh vendor support', '', 'U0011');
INSERT INTO `tracking` VALUES ('832', 'T201808150025', '2018-08-27 17:34:50', 'Up Progress To 100 %', 'pak heri,\n\nterlampir update untuk perbaikan case ini.\nvalidasi dibuat pada saat create pengajuan kredit.\njika nilai spr nya 0, maka akan muncul pop up (message box).\n\nThanks\nhotniel Silaen', 'U0011');
INSERT INTO `tracking` VALUES ('833', 'T201808280028', '2018-08-28 16:16:59', 'Created Ticket', 'TIKET DI BUAT', 'U0006');
INSERT INTO `tracking` VALUES ('834', 'T201808280028', '2018-08-28 16:25:09', 'Ticket disetujui', 'TICKET DITERIMA VENDOR SUPPORT', 'U0011');
INSERT INTO `tracking` VALUES ('835', 'T201808280028', '2018-08-28 16:28:41', 'Up Progress To 100 %', 'Bu Putri,\n\nUntuk case ini sebenarnya hanya perbaikan prosedure input nya.\nAda validasi pada form ini, untuk standing charge jika booking date pada tab ownership entry nya kosong maka tidak bisa di tambah.\nSedangkan untuk informasi entry pada tab ownership entry itu adalah informasi untuk tab yang ownership entry nya. Yang artinya tenant itu belum ada proses booking nya.\n\nThanks\nhotniel silaen', 'U0011');
INSERT INTO `tracking` VALUES ('836', 'T201808310029', '2018-08-31 15:12:47', 'Created Ticket', 'TIKET DI BUAT', 'U0008');
INSERT INTO `tracking` VALUES ('837', 'T201809040030', '2018-09-04 09:10:14', 'Created Ticket', 'TIKET DI BUAT', 'U0008');
INSERT INTO `tracking` VALUES ('838', 'T201809040030', '2018-09-04 11:09:47', 'Ticket disetujui', 'TICKET DITERIMA VENDOR SUPPORT', 'U0014');
INSERT INTO `tracking` VALUES ('839', 'T201809040030', '2018-09-04 11:14:02', 'Up Progress To 100 %', 'Dear Pak Heri,\n\nPak ini tidak ada nilai totalnya karena kolom rounding nya harus diisi, saya capturekan (terlampir).', 'U0014');
INSERT INTO `tracking` VALUES ('840', 'T201809060031', '2018-09-06 09:46:32', 'Created Ticket', 'TIKET DI BUAT', 'U0008');
INSERT INTO `tracking` VALUES ('841', 'T201809060031', '2018-09-06 10:00:09', 'Ticket disetujui', 'TICKET DITERIMA VENDOR SUPPORT', 'U0014');
INSERT INTO `tracking` VALUES ('842', 'T201809060031', '2018-09-07 09:24:29', 'Up Progress To 100 %', 'Terlampir untuk update rounding default menjadi 0.', 'U0014');
INSERT INTO `tracking` VALUES ('843', 'T201809120032', '2018-09-12 12:04:30', 'Created Ticket', 'TIKET DI BUAT', 'U0006');
INSERT INTO `tracking` VALUES ('844', 'T201809120032', '2018-09-14 08:51:55', 'Ticket disetujui', 'TICKET DITERIMA VENDOR SUPPORT', 'U0011');
INSERT INTO `tracking` VALUES ('845', 'T201808310029', '2018-09-14 08:51:58', 'Ticket disetujui', 'TICKET DITERIMA VENDOR SUPPORT', 'U0011');
INSERT INTO `tracking` VALUES ('846', 'T201808270026', '2018-09-14 08:53:08', 'Up Progress To 100 %', 'Dear Bu Putri,\n\nUntuk case ini sudah saya perbaiki langsung di server.\nHal ini karena ada data yang double.\n\nThanks\nHotniel Silaen', 'U0011');
INSERT INTO `tracking` VALUES ('847', 'T201809120032', '2018-09-14 08:54:25', 'Up Progress To 0 %', 'Dear Bu Putri,\n\nUntuk hal ini akan kami cek terlebih dahulu.\n\nThanks', 'U0011');
INSERT INTO `tracking` VALUES ('848', 'T201809140033', '2018-09-14 18:43:22', 'Created Ticket', 'TIKET DI BUAT', 'U0008');
INSERT INTO `tracking` VALUES ('849', 'T201809140034', '2018-09-14 19:05:23', 'Created Ticket', 'TIKET DI BUAT', 'U0008');
INSERT INTO `tracking` VALUES ('850', 'T201809140034', '2018-09-17 09:14:04', 'Ticket disetujui', 'TICKET DITERIMA VENDOR SUPPORT', 'U0011');
INSERT INTO `tracking` VALUES ('851', 'T201809140034', '2018-09-17 13:07:28', 'Up Progress To 100 %', 'Dear Pak Heri,\n\nTerlampir update untuk case di bawah ini.\nProses nya, mohon agar nilai alokasi nya di refresh dengan cara mengalokasikan ulang nilai pada tab allocation nya.\n\nThanks\nHotniel Silaen', 'U0011');
INSERT INTO `tracking` VALUES ('852', 'T201809140033', '2018-09-17 13:08:37', 'Ticket disetujui', 'TICKET DITERIMA VENDOR SUPPORT', 'U0011');
INSERT INTO `tracking` VALUES ('853', 'T201809170035', '2018-09-17 16:54:53', 'Created Ticket', 'TIKET DI BUAT', 'U0008');
INSERT INTO `tracking` VALUES ('854', 'T201809170035', '2018-09-17 16:57:53', 'Ticket disetujui', 'TICKET DITERIMA VENDOR SUPPORT', 'U0014');
INSERT INTO `tracking` VALUES ('855', 'T201809170035', '2018-09-17 17:17:25', 'Up Progress To 0 %', 'Dear Pak Heri,\n\nBerikut penjelasan dari saya secara sistem.\n\n1. Sumber data AP Invoice berasal dari approval SPK Progress Invoice (jika Invoice nya Progress SPK), yang mana normal nya progress tersebut akan muncul invoice di form AP Invoice Entry. Namun hal ini dilakukan bypass secara sistem, sehingga ketika posting SPK Progress Invoice ini data tersebut otomatis terposting dari AP Invoice Entry nya dan langsung muncul di AP Payment nya ketika melakukan pembayaran atas creditor invoice tersebut.\n2. Jika Invoice tersebut dilakukan unpost (mungkin karena ada revisi) maka invoice tersebut akan kembali ke form AP Invoice Entry nya.\n3. Saya lampirkan track record nya untuk nomor invoice tersebut.', 'U0014');
INSERT INTO `tracking` VALUES ('856', 'T201807110012', '2018-09-17 18:23:10', 'Feedback User ', '', 'U0009');
INSERT INTO `tracking` VALUES ('857', 'T201807110012', '2018-09-18 08:43:59', 'Up Progress To 100 %', 'Sudah solve berdasarkan email dari pak ranggaung.\nThanks', 'U0011');
INSERT INTO `tracking` VALUES ('858', 'T201809120032', '2018-09-18 09:55:30', 'Up Progress To 100 %', 'Dear Putri,\n\nTerlampir perbaikan untuk case ini.\nUntuk hasil perbaikannya sudah di konfirmasi via Whatsapp.\n\nThanks\nHotniel Silaen', 'U0011');
INSERT INTO `tracking` VALUES ('859', 'T201808310029', '2018-09-18 10:23:38', 'Up Progress To 100 %', 'Pak Heri,\n\nTerlampir update untuk permasalahan ini.\n\nThanks\nHotniel Silaen', 'U0011');
INSERT INTO `tracking` VALUES ('860', 'T201809170035', '2018-09-18 16:48:24', 'Feedback User ', 'Dear pak Yulianto, jadi invoice tersebut muncul karena proses unpost ya pak, ok terima kasih penjelasannya.', 'U0008');
INSERT INTO `tracking` VALUES ('861', 'T201809170035', '2018-09-18 15:51:58', 'Up Progress To 100 %', 'Dear Pak Heri,\n\nBetul pak, jika invoice nya diunpost akan kembali ke form AP Invoice Entry nya.\nUntuk case ini solved ya pak dari yang saya informasikan.\n\nTerima Kasih\n-Yulianto', 'U0014');
INSERT INTO `tracking` VALUES ('862', 'T201809140033', '2018-09-18 16:41:31', 'Up Progress To 100 %', 'Pak Heri,\n\nTerlampir update untuk case ini.\nmohon agar dilakukan revisi ulang untuk unit ini.\n\nThanks\nHotniel Silaen', 'U0011');
INSERT INTO `tracking` VALUES ('863', 'T201808310029', '2018-09-18 17:51:02', 'Unsolved', 'Dear pak Hotniel, Mohon check email pak hotniel, karena update untuk cancelation masih error, terima kasih', 'U0008');
INSERT INTO `tracking` VALUES ('864', 'T201808310029', '2018-09-19 09:59:15', 'Diproses oleh vendor support', '', 'U0011');
INSERT INTO `tracking` VALUES ('865', 'T201809190036', '2018-09-19 10:07:16', 'Created Ticket', 'TIKET DI BUAT', 'U0006');
INSERT INTO `tracking` VALUES ('866', 'T201809190036', '2018-09-19 10:44:42', 'Ticket disetujui', 'TICKET DITERIMA VENDOR SUPPORT', 'U0011');
INSERT INTO `tracking` VALUES ('867', 'T201809190037', '2018-09-19 14:14:14', 'Created Ticket', 'TIKET DI BUAT', 'U0009');
INSERT INTO `tracking` VALUES ('868', 'T201809190037', '2018-09-19 14:28:45', 'Ticket disetujui', 'TICKET DITERIMA VENDOR SUPPORT', 'U0011');
INSERT INTO `tracking` VALUES ('870', 'T201809140033', '2018-09-20 10:44:51', 'Unsolved', 'Dear Pak Hotniel, mohon dibuatkan panduan untuk kasus refund OR ini, karena sy coba simulasi di lokal untuk revisi ulang, terjadi error, terima kasih', 'U0008');
INSERT INTO `tracking` VALUES ('871', 'T201809140033', '2018-09-21 17:15:00', 'Diproses oleh vendor support', '', 'U0011');
INSERT INTO `tracking` VALUES ('872', 'T201809140033', '2018-09-21 17:17:05', 'Up Progress To 100 %', 'Dear Pak heri,\n\nTerlampir update untuk case ini.\nMohon agar melakukan proses revisi ulang.\nSeperti yang sudah di Test bersama di PC pak heri.\n\nThanks\nHotniel Silaen', 'U0011');
INSERT INTO `tracking` VALUES ('873', 'T201809240038', '2018-09-24 09:53:40', 'Created Ticket', 'TIKET DI BUAT', 'U0006');
INSERT INTO `tracking` VALUES ('874', 'T201809240038', '2018-09-24 10:39:19', 'Ticket disetujui', 'TICKET DITERIMA VENDOR SUPPORT', 'U0014');
INSERT INTO `tracking` VALUES ('875', 'T201809240038', '2018-09-24 10:42:10', 'Up Progress To 100 %', 'Dear Bu Putri,\n\nSudah saya perbaiki ya bu, silahkan bisa dicek kembali. saya lampirkan juga capture nya dan update nya.\n\nTerima Kasih\n-Yulianto', 'U0014');
INSERT INTO `tracking` VALUES ('876', 'T201809260039', '2018-09-26 14:26:08', 'Created Ticket', 'TIKET DI BUAT', 'U0008');
INSERT INTO `tracking` VALUES ('877', 'T201809270040', '2018-09-27 14:28:01', 'Created Ticket', 'TIKET DI BUAT', 'U0006');
INSERT INTO `tracking` VALUES ('878', 'T201809280041', '2018-09-28 09:06:58', 'Created Ticket', 'TIKET DI BUAT', 'U0008');
INSERT INTO `tracking` VALUES ('879', 'T201809260039', '2018-09-28 09:22:23', 'Ticket disetujui', 'TICKET DITERIMA VENDOR SUPPORT', 'U0014');
INSERT INTO `tracking` VALUES ('880', 'T201809280042', '2018-09-28 10:13:58', 'Created Ticket', 'TIKET DI BUAT', 'U0009');
INSERT INTO `tracking` VALUES ('882', 'T201809280042', '2018-09-28 11:33:52', 'Ticket disetujui', 'TICKET DITERIMA VENDOR SUPPORT', 'U0011');
INSERT INTO `tracking` VALUES ('883', 'T201809280041', '2018-09-28 11:35:12', 'Ticket disetujui', 'TICKET DITERIMA VENDOR SUPPORT', 'U0011');
INSERT INTO `tracking` VALUES ('884', 'T201809270040', '2018-09-28 11:35:25', 'Ticket disetujui', 'TICKET DITERIMA VENDOR SUPPORT', 'U0011');
INSERT INTO `tracking` VALUES ('885', 'T201809270040', '2018-09-28 11:38:56', 'Up Progress To 100 %', 'Dear Pak Ranggaung,\n\nSaya sudah cek untuk masalah print kwitansi ini.\nSetelah saya coba via graphon, tidak ada masalah untuk proses print nya.\nMohon di coba kembali.\n\nThanks\nHotniel Silaen', 'U0011');
INSERT INTO `tracking` VALUES ('886', 'T201809280041', '2018-09-28 11:41:25', 'Up Progress To 100 %', 'Dear Pak Heri,\n\nSetelah saya cek, ada perbedaan pph flag dari OR yang sekarang dengan OR yang sudah di proses.\nTerlampir capture OR berbeda pph flag.\nCatatan : Centang PPh Flag = 0 (di database)\nTidak Centang = 1 (di database)\n\nThanks\nHotniel Silaen', 'U0011');
INSERT INTO `tracking` VALUES ('887', 'T201809280042', '2018-09-28 11:42:14', 'Up Progress To 0 %', 'Dear Pak Ranggaung,\n\nUntuk hal ini akan saya cek terlebih dahulu pak.\n\nThanks\nHotniel Silaen', 'U0011');
INSERT INTO `tracking` VALUES ('893', 'T201810010043', '2018-10-01 09:29:32', 'Created Ticket', 'TIKET DI BUAT', 'U0006');
INSERT INTO `tracking` VALUES ('894', 'T201810010044', '2018-10-01 09:56:38', 'Created Ticket', 'TIKET DI BUAT', 'U0006');
INSERT INTO `tracking` VALUES ('895', 'T201810010045', '2018-10-01 10:00:32', 'Created Ticket', 'TIKET DI BUAT', 'U0006');
INSERT INTO `tracking` VALUES ('896', 'T201810010044', '2018-10-01 10:01:51', 'Ticket disetujui', 'TICKET DITERIMA VENDOR SUPPORT', 'U0014');
INSERT INTO `tracking` VALUES ('897', 'T201810010044', '2018-10-01 10:02:18', 'Up Progress To 100 %', 'duplicate ticket', 'U0014');
INSERT INTO `tracking` VALUES ('898', 'T201810010045', '2018-10-01 10:28:40', 'Ticket disetujui', 'TICKET DITERIMA VENDOR SUPPORT', 'U0011');
INSERT INTO `tracking` VALUES ('899', 'T201810010045', '2018-10-01 10:30:30', 'Up Progress To 100 %', 'Dear Bu Putri,\n\nSetelah saya cek via graphon.\ndetail pada tab allocation masih kosng.\nMohon di cek kembali.\nTerlampir capture untuk cn no 0024.\n\nThanks\nHotniel Silaen', 'U0011');
INSERT INTO `tracking` VALUES ('900', 'T201808310029', '2018-10-01 10:31:53', 'Up Progress To 100 %', '', 'U0011');
INSERT INTO `tracking` VALUES ('901', 'T201810010043', '2018-10-01 10:35:02', 'Ticket disetujui', 'TICKET DITERIMA VENDOR SUPPORT', 'U0011');
INSERT INTO `tracking` VALUES ('902', 'T201809280042', '2018-10-01 11:05:16', 'Up Progress To 100 %', 'Dear Pak Ranggaung,\n\nTerlampir update untuk case ini.\n\nThanks\nHotniel Silaen', 'U0011');
INSERT INTO `tracking` VALUES ('905', 'T201809190036', '2018-10-01 13:36:13', 'Up Progress To 100 %', 'Dear Putri,\n\nSetelah saya cek laporan ini sudah sesuai.\nNilai total outstanding nya sudah sama dengan detail invoice outstanding.\n\nMohon di cek kembali.\n\nThanks\nHotniel Silaen', 'U0011');
INSERT INTO `tracking` VALUES ('906', 'T201809190037', '2018-10-02 09:12:18', 'Up Progress To 100 %', 'Dear Pak Ranggaung,\n\nReport ini fungsi awal nya adalah untuk proyeksi penerimaan.\nSedangkan jika request untuk menambahkan payment KPR  akan mengubah fungsi report ini dari proyeksi menjadi realisasi penerimaan.\nDan itu sudah berubah dari konsep awal pak.\n\nThanks\nHotniel Silaen', 'U0011');
INSERT INTO `tracking` VALUES ('907', 'T201808090022', '2018-10-02 11:53:20', 'Up Progress To 100 %', 'Dear Pak Heri,\n\nTerlampir update untuk case ini.\nThanks\nHotniel Silaen', 'U0011');
INSERT INTO `tracking` VALUES ('908', 'T201808090022', '2018-10-02 16:38:16', 'Unsolved', 'Dear Pak Hotniel, mohon di upload ulang dengan file rar atau zip karena file tidak bisa di download, Terima kasih', 'U0008');
INSERT INTO `tracking` VALUES ('909', 'T201808090022', '2018-10-02 15:39:30', 'Diproses oleh vendor support', '', 'U0011');
INSERT INTO `tracking` VALUES ('911', 'T201808090022', '2018-10-02 15:40:59', 'Up Progress To 100 %', 'Terlampir update untuk case berikut.\n\nThanks\nHotniel Silaen', 'U0011');
INSERT INTO `tracking` VALUES ('913', 'T201805280002', '2018-10-03 11:13:18', 'Ticket dikembalikan ke posisi belum di setujui', '', 'U0016');
INSERT INTO `tracking` VALUES ('919', 'T201805280002', '2018-10-03 13:42:24', 'Ticket tidak disetujui', '', 'U0016');
INSERT INTO `tracking` VALUES ('920', 'T201805280002', '2018-10-03 13:42:29', 'Ticket dikembalikan ke posisi belum di setujui', '', 'U0016');
INSERT INTO `tracking` VALUES ('931', 'T201810040046', '2018-10-04 16:03:01', 'Created Ticket', 'TIKET DI BUAT', 'U0008');
INSERT INTO `tracking` VALUES ('932', 'T201808310029', '2018-10-04 17:19:42', 'Unsolved', 'untuk update ini sy simulasi untuk unit J15/21 dengan db backup tgl 13 / 7/ 2018 masih error pak hotniel, mohon di check kembali', 'U0008');
INSERT INTO `tracking` VALUES ('933', 'T201810050047', '2018-10-05 10:16:39', 'Created Ticket', 'TIKET DI BUAT', 'U0006');
INSERT INTO `tracking` VALUES ('934', 'T201810050047', '2018-10-05 11:23:32', 'Ticket disetujui', 'TICKET DITERIMA VENDOR SUPPORT', 'U0011');
INSERT INTO `tracking` VALUES ('935', 'T201810050047', '2018-10-05 11:24:36', 'Up Progress To 100 %', 'Untuk case ini sudah solve sesuai dengan pembicaraan via WA.\n\nThanks\nHotniel Silaen', 'U0011');
INSERT INTO `tracking` VALUES ('937', 'T201810040046', '2018-10-05 13:51:33', 'Ticket disetujui', 'TICKET DITERIMA VENDOR SUPPORT', 'U0011');
INSERT INTO `tracking` VALUES ('938', 'T201808310029', '2018-10-05 13:51:41', 'Diproses oleh vendor support', '', 'U0011');
INSERT INTO `tracking` VALUES ('939', 'T201809260039', '2018-10-08 11:11:03', 'Up Progress To 100 %', 'Dear Pak Heri,\n\nTerlmapir update untuk penambahan tax code di closing SPK. Silahkan diupdatekan ke server.\n\nTerima Kasih\n-Yulianto', 'U0014');
INSERT INTO `tracking` VALUES ('940', 'T201809190037', '2018-10-08 12:27:22', 'Unsolved', 'Dear Hotniel, kalau untuk melihat report proyeksi penerimaan KPR ada dimana jika di report tersebut tidak ada, mohon info.', 'U0009');
INSERT INTO `tracking` VALUES ('941', 'T201810080048', '2018-10-08 15:48:12', 'Created Ticket', 'TIKET DI BUAT', 'U0008');
INSERT INTO `tracking` VALUES ('942', 'T201810080048', '2018-10-08 16:02:28', 'Ticket disetujui', 'TICKET DITERIMA VENDOR SUPPORT', 'U0011');
INSERT INTO `tracking` VALUES ('943', 'T201810080048', '2018-10-08 16:06:17', 'Up Progress To 0 %', 'Dear Pak Heri,\n\nMohon penjelasan untuk kasus ini,\nUntuk revisi ini apakah merevisi harga awal unit atau merevisi payment plan nya saja?\nKarena jika saya lihat dari payment plan yang sudah di buat dengan kode A8/0111 via graphon, total keseluruhannya adalah 1.789.359.000.\nSedang kan harga awal untuk unit ini hanya sekitar 1.6 M.\n\nThanks\nHotniel Silaen', 'U0011');
INSERT INTO `tracking` VALUES ('944', 'T201809260039', '2018-10-09 09:39:32', 'Unsolved', 'Dear pak Yulianto, Mohon dibuatkan juga tax field ini di Closing SPK module SPK lama (Direct), karena kami masih menggunakan module SPK tsb, Terima kasih.', 'U0008');
INSERT INTO `tracking` VALUES ('945', 'T201808310029', '2018-10-09 09:55:28', 'Up Progress To 100 %', 'Dear Pak Heri,\n\nSetelah saya cek, penyebab sales cancel tidak sukses adalah karena data antara sales entry dengan sales cancel tidak sama.\nSaya sudah melakukan tes di lokal saya untuk unit yang sama.\nProses nya adalah status posted nya saya balikin terlebih dahulu ke status belum posting, kemudian unit nya di tarik ulang.\nDan hasilnya sukses cancel dan data di sales entry juga sudah hilang.\nterlampir capture antara graphon dengan lokal.\n\nThanks\nHotniel Silaen', 'U0011');
INSERT INTO `tracking` VALUES ('946', 'T201809190037', '2018-10-09 10:18:32', 'Diproses oleh vendor support', '', 'U0011');
INSERT INTO `tracking` VALUES ('947', 'T201809190037', '2018-10-09 10:22:47', 'Up Progress To 0 %', 'Pak Ranggaung,,\n\nUntuk report Proyeksi penerimaan KPR saat ini belum ada di system.\nDan jika ingin di buatkan akan di kenakan charge.\nUntuk format nya mohon di kirimkan atau menggunakan format yang terlampir.?\n\nThanks\nHotniel Silaen', 'U0011');
INSERT INTO `tracking` VALUES ('948', 'T201810040046', '2018-10-09 13:18:28', 'Up Progress To 100 %', 'Pak Heri,\n\nUntuk case ini setelah saya cek tidak bisa posting karena ada 1 unit yang approve nya sudah ceklist namun tgl serah terima nya masih kosong.\nUnit A16 / 25, atas nama : TJOENG DEWI KARTIKA.\nSetelah approve nya saya uncek, proses posting dapat dilakukan.\nMohon di cek kembali.\n\nThanks\nHotniel Silaen', 'U0011');
INSERT INTO `tracking` VALUES ('949', 'T201808310029', '2018-10-09 17:29:40', 'Unsolved', 'Dear pak Hotniel, mohon di kirim update sesuai pembicaraan di WA, terima kasih', 'U0008');
INSERT INTO `tracking` VALUES ('950', 'T201808310029', '2018-10-09 16:30:04', 'Diproses oleh vendor support', '', 'U0011');
INSERT INTO `tracking` VALUES ('951', 'T201808310029', '2018-10-09 16:30:43', 'Up Progress To 100 %', 'Pak Heri,\n\nTerlampir update untuk case ini.\n\nThanks\nHotniel Silaen', 'U0011');
INSERT INTO `tracking` VALUES ('952', 'T201810080048', '2018-10-10 11:57:58', 'Feedback User ', 'sudah dijelaskan kasus ini via telp dengan pak hotniel, dan sedang proses perbaikan.', 'U0008');
INSERT INTO `tracking` VALUES ('953', 'T201810110049', '2018-10-11 09:15:09', 'Created Ticket', 'TIKET DI BUAT', 'U0008');
INSERT INTO `tracking` VALUES ('954', 'T201810110049', '2018-10-11 09:26:29', 'Ticket disetujui', 'TICKET DITERIMA VENDOR SUPPORT', 'U0014');
INSERT INTO `tracking` VALUES ('955', 'T201810110049', '2018-10-11 09:29:01', 'Up Progress To 0 %', 'Pak, salah pilih nomor SPK induk nya tidak? karena bapak tidak mencantumkan nomor SPK saya tidak bisa cek. Kalau saya cek di SPK induk nomor JC/SM/18/07/00001 ada semua data nya.', 'U0014');
INSERT INTO `tracking` VALUES ('956', 'T201810110049', '2018-10-11 11:00:23', 'Feedback User ', 'Untuk SPK induk JC/SM/18/07/00001 memang di form booking estimate ada pak, tapi waktu pemilihan activity di form SPK Entry, activity tsb tidak ada di display pak', 'U0008');
INSERT INTO `tracking` VALUES ('957', 'T201810110049', '2018-10-11 10:25:17', 'Up Progress To 0 %', 'bisa diinfo nomor spk nya berapa yang mau dipakai, karena tidak ada capture nya pak.', 'U0014');
INSERT INTO `tracking` VALUES ('958', 'T201810110049', '2018-10-11 13:03:07', 'Feedback User ', 'JC/SM/18/07/00001   utk Cluster Shinano', 'U0008');
INSERT INTO `tracking` VALUES ('959', 'T201810110049', '2018-10-12 10:03:05', 'Up Progress To 100 %', 'Dear Pak Heri,\n\nPak silahkan dicek kembali ya, sudah saya munculkan data nya.\nterlampir juga capture nya.\n\nTerima Kasih\n-Yulianto', 'U0014');
INSERT INTO `tracking` VALUES ('960', 'T201809260039', '2018-10-12 14:55:51', 'Diproses oleh vendor support', '', 'U0014');
INSERT INTO `tracking` VALUES ('961', 'T201809260039', '2018-10-12 16:30:07', 'Up Progress To 100 %', 'Dear Pak Heri\n\nTermalpir update untuk SPK Close Direct, Silahkan bisa diupdate ke server.\n\nTerima Kasih\n-Yulianto', 'U0014');
INSERT INTO `tracking` VALUES ('962', 'T201810160050', '2018-10-16 13:43:57', 'Created Ticket', 'TIKET DI BUAT', 'U0008');
INSERT INTO `tracking` VALUES ('963', 'T201810160051', '2018-10-16 14:05:16', 'Created Ticket', 'TIKET DI BUAT', 'U0008');
INSERT INTO `tracking` VALUES ('964', 'T201810160051', '2018-10-16 14:20:35', 'Ticket disetujui', 'TICKET DITERIMA VENDOR SUPPORT', 'U0014');
INSERT INTO `tracking` VALUES ('965', 'T201810160051', '2018-10-16 14:22:07', 'Up Progress To 100 %', 'Dear Pak Heri,\n\nUntuk hal ini saya sudah cek, kendalanya ada di spk close nya, yang mana view untuk cari spk nya ada yang kurang.\nTerlampir file update nya, silahkan diupdate ke server.\n\nTerima Kasih\n-Yulianto', 'U0014');
INSERT INTO `tracking` VALUES ('966', 'T201810160052', '2018-10-16 16:06:36', 'Created Ticket', 'TIKET DI BUAT', 'U0008');
INSERT INTO `tracking` VALUES ('967', 'T201810160052', '2018-10-16 16:08:17', 'Ticket disetujui', 'TICKET DITERIMA VENDOR SUPPORT', 'U0014');
INSERT INTO `tracking` VALUES ('968', 'T201810160052', '2018-10-16 16:10:38', 'Up Progress To 100 %', 'Dear Pak Heri,\n\nterlampir untuk update kendala posting SPK close direct nya ya.\nSilahkan bisa diupdatekan ke server.\n\nTerima Kasih\n-Yulianto', 'U0014');
INSERT INTO `tracking` VALUES ('969', 'T201810010043', '2018-10-17 10:59:47', 'Up Progress To 100 %', 'Dear Putri,\n\nTerlampir update untuk case ini.\n\nThanks\nHotniel Silaen', 'U0011');
INSERT INTO `tracking` VALUES ('970', 'T201807270018', '2018-10-18 11:53:42', 'Unsolved', 'masih beberapa kali terjadi user locked, dan beberapa kalo saat user mau posting terjadi query time out.', 'U0006');
INSERT INTO `tracking` VALUES ('971', 'T201810220053', '2018-10-22 16:36:43', 'Created Ticket', 'TIKET DI BUAT', 'U0005');
INSERT INTO `tracking` VALUES ('972', 'T201810240054', '2018-10-24 16:28:20', 'Created Ticket', 'TIKET DI BUAT', 'U0008');
INSERT INTO `tracking` VALUES ('973', 'T201810220053', '2018-10-25 10:59:25', 'Ticket disetujui', 'TICKET DITERIMA VENDOR SUPPORT', 'U0011');
INSERT INTO `tracking` VALUES ('974', 'T201810240054', '2018-10-25 10:59:22', 'Ticket disetujui', 'TICKET DITERIMA VENDOR SUPPORT', 'U0011');
INSERT INTO `tracking` VALUES ('975', 'T201810240054', '2018-10-25 10:59:36', 'Ticket disetujui', 'TICKET DITERIMA VENDOR SUPPORT', 'U0011');
INSERT INTO `tracking` VALUES ('976', 'T201810240054', '2018-10-25 11:16:44', 'Up Progress To 100 %', 'Dear Pak Heri,\n\nSetelah saya cek. \nUntuk proses upprove ini ada validasi data yang tidak boleh kosong, yaitu :\nNo PPJB, Tgl PPJB dan Tanggal Janji ST PPJB.\n\nThanks\nHotniel Silaen', 'U0011');
INSERT INTO `tracking` VALUES ('977', 'T201810220053', '2018-10-25 11:26:35', 'Up Progress To 0 %', 'Pak Heri,\n\nUntuk hal ini akan kami cek terlebih dahulu.\n\nThanks\nHotniel Silaen', 'U0011');
INSERT INTO `tracking` VALUES ('978', 'T201810240054', '2018-10-25 12:44:06', 'Unsolved', 'Dear team AST, untuk approve PPJB tolong tanggal janji ST PPJB tdk dijadikan mandatory sbg validasi, karena user saat ini hanya mengisi tanggal ambil PPJB saja, terima kasih. ', 'U0008');
INSERT INTO `tracking` VALUES ('979', 'T201810240054', '2018-10-25 11:49:48', 'Diproses oleh vendor support', '', 'U0011');
INSERT INTO `tracking` VALUES ('980', 'T201807270018', '2018-10-25 11:49:50', 'Diproses oleh vendor support', '', 'U0011');
INSERT INTO `tracking` VALUES ('981', 'T201810240054', '2018-10-25 11:50:38', 'Up Progress To 100 %', 'Pak Heri,\n\nTerlampir update untuk case berikut.\n\nThanks\nHotniel Silaen', 'U0011');
INSERT INTO `tracking` VALUES ('982', 'T201810300055', '2018-10-30 17:40:41', 'Created Ticket', 'TIKET DI BUAT', 'U0008');
INSERT INTO `tracking` VALUES ('983', 'T201810300055', '2018-10-31 08:55:39', 'Ticket disetujui', 'TICKET DITERIMA VENDOR SUPPORT', 'U0011');
INSERT INTO `tracking` VALUES ('984', 'T201810300055', '2018-10-31 08:58:47', 'Up Progress To 100 %', 'Dear Pak Heri,\n\nUntuk case ini, data yang di database adalah data yang ketinggalan.\nDulu saya sudah pernah perbaiki data yang start date nya null, kemungkinan data yang muncul sekarang itu kelewat.\nUntuk sementara data nya sudah saya perbaiki.\nUntuk perbaikan secara system sudah pernah di update terkait case ini.\nYaitu dengan penambahan Trigger.\n\nThanks\nHotniel Silaen', 'U0011');
INSERT INTO `tracking` VALUES ('985', 'T201810300055', '2018-10-31 11:06:41', 'Unsolved', 'Dear team AST, mohon bantuanny untuk di check kembali kasus ini, karena saat ini di live masih ada 60 item yang sdate dan edate nya null,  terima kasih.', 'U0008');
INSERT INTO `tracking` VALUES ('986', 'T201810300055', '2018-10-31 10:08:38', 'Diproses oleh vendor support', '', 'U0011');
INSERT INTO `tracking` VALUES ('987', 'T201810300055', '2018-10-31 10:09:18', 'Up Progress To 0 %', 'Pak Heri,\n\nUntuk Hal ini sedang kami lakukan pengecekan kembali pak.\n\nThanks\nHotniel Silaen', 'U0011');
INSERT INTO `tracking` VALUES ('988', 'T201810310056', '2018-10-31 13:26:40', 'Created Ticket', 'TIKET DI BUAT', 'U0006');
INSERT INTO `tracking` VALUES ('989', 'T201810310056', '2018-10-31 13:36:54', 'Ticket disetujui', 'TICKET DITERIMA VENDOR SUPPORT', 'U0014');
INSERT INTO `tracking` VALUES ('990', 'T201810310056', '2018-10-31 13:40:10', 'Up Progress To 100 %', 'Dear Bu Putri,\n\nHal yang bu Putri sampaikan bukanlah error secara sistem, namun di progress yang ke 3 tanggal 9/6/2016 sudah mencapai 100% baik itu progress kerja dan juga progress invoice nya. Semua progress yang sudah 100%, ketika di buat progress berikutnya tidak akan ada data nya.\n\nDemikiain informasi dari saya. Terlampir juga capture progress ke 3 nya.', 'U0014');
INSERT INTO `tracking` VALUES ('991', 'T201811050057', '2018-11-05 17:21:53', 'Created Ticket', 'TIKET DI BUAT', 'U0006');
INSERT INTO `tracking` VALUES ('992', 'T201811050057', '2018-11-06 08:55:36', 'Ticket disetujui', 'TICKET DITERIMA VENDOR SUPPORT', 'U0011');
INSERT INTO `tracking` VALUES ('993', 'T201811050057', '2018-11-06 08:56:39', 'Up Progress To 0 %', 'Dear Putri,\n\nUntuk hal ini akan kami cek terlebih dahulu.\n\nThanks\nHotniel Silaen', 'U0011');
INSERT INTO `tracking` VALUES ('994', 'T201809190037', '2018-11-06 14:25:47', 'Up Progress To 100 %', '', 'U0011');
INSERT INTO `tracking` VALUES ('995', 'T201810220053', '2018-11-06 14:52:36', 'Up Progress To 100 %', 'Dear Pak Heri,\n\nTerlampir update untuk case ini.\n\nThanks\nHotniel Silaen', 'U0011');
INSERT INTO `tracking` VALUES ('996', 'T201810080048', '2018-11-06 14:55:07', 'Up Progress To 100 %', 'Dear Pak Heri,\n\nUntuk validasi ini sudah ada sebelumnya.\nberikut saya lampirkan sp validasi revisinya.\n\nThanks\nHotniel Silaen', 'U0011');
INSERT INTO `tracking` VALUES ('997', 'T201810300055', '2018-11-06 14:59:09', 'Up Progress To 100 %', 'Dear Pak Heri,\n\nUntuk hal ini sudah di pasang trigger pada transaksi yang melakukan proses update start_date dan end_date jadi null.\nJika ada proses yang melakukan update tersebut maka transaksi akan otomatis di rollback, dan akan muncul notif error.\nUntuk data yang masih ada sekarang, tidak bisa di update lagi pak, di karenakan data pendukung dari billing nya juga tidak ada.\n\nThanks\nHotniel Silaen', 'U0011');
INSERT INTO `tracking` VALUES ('998', 'T201811050057', '2018-11-06 16:01:02', 'Up Progress To 100 %', 'Dear Putri,\n\nTerlampir update untuk case ini.\nPerbaikan sp posting transaksi.\n\nThanks\nHotniel Silaen', 'U0011');
INSERT INTO `tracking` VALUES ('999', 'T201811050057', '2018-11-07 10:51:16', 'Unsolved', 'mohon bantuannya untuk kasus ini yg modul fix asset juga terdapat nilai null pada source_codenya', 'U0006');
INSERT INTO `tracking` VALUES ('1000', 'T201811050057', '2018-11-07 13:03:33', 'Diproses oleh vendor support', '', 'U0011');
INSERT INTO `tracking` VALUES ('1001', 'T201811050057', '2018-11-07 13:28:30', 'Up Progress To 100 %', 'Dear Putri,\n\nBerikut update untuk source code null.\nupdate acc_gltrans set source_code = \'FA\' where source_code is null and trx_type = \'FA\'\nTerlampir update untuk proses perbaikan transaksi nya.\n\nThanks\nHotniel Silaen', 'U0011');
INSERT INTO `tracking` VALUES ('1002', 'T201811090058', '2018-11-09 10:01:50', 'Created Ticket', 'TIKET DI BUAT', 'U0018');
INSERT INTO `tracking` VALUES ('1003', 'T201811120059', '2018-11-12 09:49:53', 'Created Ticket', 'TIKET DI BUAT', 'U0006');
INSERT INTO `tracking` VALUES ('1004', 'T201811120059', '2018-11-12 10:48:24', 'Ticket disetujui', 'TICKET DITERIMA VENDOR SUPPORT', 'U0014');
INSERT INTO `tracking` VALUES ('1005', 'T201811120059', '2018-11-12 10:56:17', 'Up Progress To 100 %', 'Dear Bu Putri,\n\nTerlampir untuk update nya. Silahkan di run di server.\n\nTerima Kasih\n-Yulianto', 'U0014');
INSERT INTO `tracking` VALUES ('1006', 'T201811120059', '2018-11-12 15:20:22', 'Unsolved', 'dear ast, untuk form approve contract renewal masihada di modul AR. terimakasih', 'U0006');
INSERT INTO `tracking` VALUES ('1007', 'T201811120060', '2018-11-12 14:26:15', 'Created Ticket', 'TIKET DI BUAT', 'U0006');
INSERT INTO `tracking` VALUES ('1008', 'T201811120060', '2018-11-12 16:25:05', 'Ticket disetujui', 'TICKET DITERIMA VENDOR SUPPORT', 'U0011');
INSERT INTO `tracking` VALUES ('1009', 'T201811120059', '2018-11-13 09:01:19', 'Diproses oleh vendor support', '', 'U0014');
INSERT INTO `tracking` VALUES ('1010', 'T201811120059', '2018-11-13 09:12:39', 'Up Progress To 100 %', 'Dear Bu Putri,\n\nUntuk hal ini sudah saya bantu update ke live nya, script dari saya mungkin termasuk begin rollback yang bu Putri jalankan sehingga tidak terupdate.\n\nSaya lampirkan capture di sistem live nya.\n\nTerima Kasih\n-Yulianto', 'U0014');
INSERT INTO `tracking` VALUES ('1011', 'T201811120060', '2018-11-13 11:03:24', 'Up Progress To 100 %', 'Dear Bu Putri,\n\nBu untuk hal ini sudah kami bantu perbaiki ya, secara data nya karena ada kesalahan ketika input tipe transaksi yang mana seharusnya service diinputkan rental. Hal ini lebih ke arah master data (tipe transaksinya).\n\nMohon bisa dicek dahulu untuk hal ini.\n\nTerima Kasih\n-Yulianto', 'U0011');
INSERT INTO `tracking` VALUES ('1012', 'T201811090058', '2018-11-13 11:04:41', 'Ticket disetujui', 'TICKET DITERIMA VENDOR SUPPORT', 'U0014');
INSERT INTO `tracking` VALUES ('1013', 'T201811090058', '2018-11-13 11:05:59', 'Up Progress To 100 %', 'Dear Pak Dikson,\n\nUntuk hal ini mohon cek dahulu untuk setting graphon nya yang tidak bisa print, karena dari sistem kami tidak ada validasi report terkait dengan graphon nya.\n\nTerima Kasih\n-Yulianto', 'U0014');
INSERT INTO `tracking` VALUES ('1014', 'T201811140061', '2018-11-14 16:25:59', 'Created Ticket', 'TIKET DI BUAT', 'U0006');
INSERT INTO `tracking` VALUES ('1015', 'T201811140061', '2018-11-14 16:30:58', 'Ticket disetujui', 'TICKET DITERIMA VENDOR SUPPORT', 'U0014');
INSERT INTO `tracking` VALUES ('1016', 'T201811140061', '2018-11-14 17:13:03', 'Up Progress To 100 %', 'Dear Bu Putri,\n\nMohon cek tanggal billing yang akan dibentuk, karena itu muncul informasi bahwa tanggal billing yang akan digenerate lebih kecil dari periode accounting nya.\nSaya cek data nya (terlampir) billing nya mulai bulan 7 2018, sedangkan periode accounting nya sudah di bulan 10 2018.\n\nTerima Kasih\n-Yulianto', 'U0014');
INSERT INTO `tracking` VALUES ('1017', 'T201811090058', '2018-11-15 09:32:22', 'Unsolved', 'tanggal 14 november masih error lagi.', 'U0018');
INSERT INTO `tracking` VALUES ('1018', 'T201811140061', '2018-11-15 10:02:41', 'Unsolved', 'untuk tanggal di maintanance entry sudah di ganti ke bulan berjalan. ', 'U0006');
INSERT INTO `tracking` VALUES ('1019', 'T201811120060', '2018-11-15 12:05:49', 'Unsolved', 'dear AST, saya sudah coba input data baru lagi. tapi di other charge tetap tidak muncul. contoh datanya = TM/18/10/00008, TM/18/10/00004. \nmohon bantuannya, terima kasih', 'U0006');
INSERT INTO `tracking` VALUES ('1020', 'T201811140061', '2018-11-16 09:14:23', 'Diproses oleh vendor support', '', 'U0014');
INSERT INTO `tracking` VALUES ('1021', 'T201811140061', '2018-11-16 09:20:34', 'Up Progress To 0 %', 'Dear Bu Putri,\n\nUntuk hal ini seperti yang sebelumnya saya infokan, ada data billing yang lebih kecil dari accounting periode yang belum diposting. Saat sekarang mau posting itu sistem cek, billing yang belum diposting lebih kecil sama dengan periode yang diinput di form posting invoice itu ada tidak, jika ada yang lebih kecil dari periode accounting, sistem akan notif tidak bisa diposting. Saya lampirkan capturenya. dan yang yang jadi pertanyaan saya, periode invoice bulan 8 dan 9 kenapa tidak diposting sebelumnya? saya cek audit date nya terakhir di edit tanggal 14 november 2018.\nTolong konfirmasi ke usernya, bahwa data yang akan jadi invoice periode bulan 8 dan 9 tidak bisa digenerate. Jika sudah confirm akan saya hapus data nya.\n\nTerima Kasih\n-Yulianto', 'U0014');
INSERT INTO `tracking` VALUES ('1022', 'T201811120060', '2018-11-16 15:24:29', 'Diproses oleh vendor support', '', 'U0011');
INSERT INTO `tracking` VALUES ('1023', 'T201811090058', '2018-11-21 13:34:31', 'Up Progress To 100 %', 'Inject db', '');
INSERT INTO `tracking` VALUES ('1024', 'T201811120060', '2018-11-21 14:35:12', 'Up Progress To 0 %', 'Dear Bu Putri, \n\nUntuk data tersebut masih dalam kondisi indikator S pada saat di database, makanya data tidak dapat keluar, untuk itu data2 tsb di atas sudah kami perbaiki dan ada update form agar kejadian di ataas tidak terulang lagi.\n\nTerimakasih.\n\nNoksmo', 'U0011');
INSERT INTO `tracking` VALUES ('1025', 'T201807270018', '2018-11-21 15:35:49', 'Up Progress To 100 %', 'Dear Bu Putri,\n\nUntuk Ticket ini sudah pernah ada update dari Pak Hotniel.\n\nTerimakasih.\n\nNoksmo', 'U0011');
INSERT INTO `tracking` VALUES ('1026', 'T201811140061', '2018-11-21 15:38:39', 'Up Progress To 0 %', 'Dear Bu Putri,\n\nUntuk case ini permasalahannya pada data, karena ada data pada billing yang belum di generate dan sudah lewat dari accounting periode.\n\nsilahkan di cek kembali, karena kesalahannya bukan pada system tapi pada datanya.\n\nMohon di respon kembali.\n\nTerimkasih.\n\nNoksmo', 'U0014');
INSERT INTO `tracking` VALUES ('1027', 'T201807270018', '2018-11-21 16:42:44', 'Unsolved', 'dear team AST, untuk kasus ini saya unsolved lagi karena masih sering terjadi user locked.\nterimakasih', 'U0006');
INSERT INTO `tracking` VALUES ('1028', 'T201811140061', '2018-11-21 16:44:11', 'Unsolved', 'dear team AST, untuk kasus ini sudah dijelaskan by phone. dan tolong di koordinasikan ke hotniel kembali.\nterimakasih.', 'U0006');
INSERT INTO `tracking` VALUES ('1029', 'T201811140061', '2018-11-21 15:57:53', 'Diproses oleh vendor support', '', 'U0014');
INSERT INTO `tracking` VALUES ('1030', 'T201807270018', '2018-11-21 16:18:23', 'Diproses oleh vendor support', '', 'U0011');
INSERT INTO `tracking` VALUES ('1031', 'T201811140061', '2018-11-21 16:31:13', 'Up Progress To 0 %', 'Dear Bu Putri,\n\nberdasarkan hasil diskusi yang dilakukan via telephone dengan pak hendri,\ncase ini akan merubah konsep yang sudah ada. Sehingga untuk case ini akan di kenakan charge maindays.\nKonsep lama : tidak bisa generate invoice jika tgl billing lebih kecil dari period excisting\nkonsep baru : bisa generate invoice dengan tgl billing lebih kecil dari period excisting.\n\nUntuk Perubahan konsep ini silahkan kirim konsep detailnya via email agar dapat di buatkan change request.\n\nTerimakasih.\nHotniel.', 'U0014');
INSERT INTO `tracking` VALUES ('1032', 'T201807270018', '2018-11-21 16:36:28', 'Up Progress To 0 %', 'Dear Bu Putri, \n\nuntuk case ini, masih di lakukan proses upgrade system.\n\nTerimakasih.', 'U0011');
INSERT INTO `tracking` VALUES ('1033', 'T201811230062', '2018-11-23 09:17:42', 'Created Ticket', 'TIKET DI BUAT', 'U0006');
INSERT INTO `tracking` VALUES ('1034', 'T201811230062', '2018-11-23 10:18:51', 'Ticket disetujui', 'TICKET DITERIMA VENDOR SUPPORT', 'U0014');
INSERT INTO `tracking` VALUES ('1035', 'T201811230062', '2018-11-23 10:30:11', 'Up Progress To 100 %', 'Dear bu Putri,\n\nUntuk hal ini sudah saya perbaiki. Saya lampirkan juga capturenya. dan hal ini sudah saya cek tidak dilakukan hardcode secara sistem, namun membaca tipe transaksi ketika input data di GL manual nya.\n\nTerima Kasih\n-Yulianto', 'U0014');
INSERT INTO `tracking` VALUES ('1036', 'T201811260063', '2018-11-26 16:29:57', 'Created Ticket', 'TIKET DI BUAT', 'U0008');
INSERT INTO `tracking` VALUES ('1043', 'T201811260063', '2018-11-26 16:44:37', 'Ticket disetujui', 'TICKET DITERIMA VENDOR SUPPORT', 'U0011');
INSERT INTO `tracking` VALUES ('1044', 'T201811260063', '2018-11-26 17:07:59', 'Up Progress To 0 %', 'Dear Pak Heri Darmawan,\n\nBerikut Terlampir Update Form Untuk Validasi Pengalihan Hak.\nMohon di Cek Kembali.\n\nThx\nNoksmo.', 'U0011');
INSERT INTO `tracking` VALUES ('1045', 'T201811260063', '2018-11-27 09:46:08', 'Unsolved', 'Dear pak Noksmo, mohon di upload ulang dengan file zip atau rar, karena file tidak bisa di download, terima kasih', 'U0008');
INSERT INTO `tracking` VALUES ('1046', 'T201811260063', '2018-11-28 09:44:59', 'Diproses oleh vendor support', '', 'U0011');
INSERT INTO `tracking` VALUES ('1047', 'T201811260063', '2018-11-28 09:47:46', 'Up Progress To 0 %', 'Dear Pak Heri Darmawan,\nSudah di reupload, dan sudah di jadikan RAR, sebelumnya sebenarnya adalah zip pak.\nMohond Di cek Kembali\n\nTerimakasih.\n\nNoksmo', 'U0011');
INSERT INTO `tracking` VALUES ('1048', 'T201812040064', '2018-12-04 14:05:36', 'Created Ticket', 'TIKET DI BUAT', 'U0006');
INSERT INTO `tracking` VALUES ('1049', 'T201812040064', '2018-12-04 14:41:57', 'Ticket disetujui', 'TICKET DITERIMA VENDOR SUPPORT', 'U0011');
INSERT INTO `tracking` VALUES ('1050', 'T201812040064', '2018-12-04 14:47:31', 'Up Progress To 100 %', 'Dear Putri,\n\nUntuk case ini setelah saya cek datanya.\nInvoice yang akan di tagihkan itu tidak ada flag \'C\' pada field cash_basis di table ar_ledger.\nUntuk data nya sudah saya perbaiki. \n\nThanks\nHotniel Silaen', 'U0011');
INSERT INTO `tracking` VALUES ('1051', 'T201812110065', '2018-12-11 10:38:45', 'Created Ticket', 'TIKET DI BUAT', 'U0006');
INSERT INTO `tracking` VALUES ('1052', 'T201812110065', '2018-12-11 14:19:56', 'Ticket disetujui', 'TICKET DITERIMA VENDOR SUPPORT', 'U0011');
INSERT INTO `tracking` VALUES ('1053', 'T201812110065', '2018-12-11 14:21:31', 'Up Progress To 0 %', 'Dear Bu Putri \n\nBerikut terlampir Update form, silahkan di update dan di cek kembli.\n\nThx \nNoksmo', 'U0011');
INSERT INTO `tracking` VALUES ('1054', 'T201812110065', '2018-12-11 16:11:32', 'Unsolved', 'dear team AST, untuk update yg diberikan hanya yp update pada rate di standing charge. yg seharusnya nilai amountnya juga ikut terupdate.\ndan pada ownership entry kolom lot assign itu tidak ikut terupdate.\nMohon bantuaanya, Terimakasih', 'U0006');
INSERT INTO `tracking` VALUES ('1055', 'T201812110065', '2018-12-11 16:04:10', 'Diproses oleh vendor support', '', 'U0011');
INSERT INTO `tracking` VALUES ('1056', 'T201812110065', '2018-12-11 16:06:03', 'Up Progress To 0 %', 'Dear Bu Putri, \n\nAda Update activeX dan form. Untuk perbaikan nilai trx dan rate di lot assign.\n\nSilahkan di update dan di cek kembali.\nTerimakasih.', 'U0011');
INSERT INTO `tracking` VALUES ('1057', 'T201812140066', '2018-12-14 14:17:14', 'Created Ticket', 'TIKET DI BUAT', 'U0008');
INSERT INTO `tracking` VALUES ('1061', 'T201812140066', '2018-12-14 14:58:22', 'Ticket disetujui', 'TICKET DITERIMA VENDOR SUPPORT', 'U0011');
INSERT INTO `tracking` VALUES ('1062', 'T201812140066', '2018-12-14 15:34:17', 'Up Progress To 0 %', 'Dear Pak Heri,\n\nUntuk hal tersebut adalah warning pak, bahwa nilai yang bisa di masukan hanya sebesar nilai tersebut dan untuk OR di sales itu jika potong pph maka nilai yang di alokasikan di kurang dengan PPHnya seperti di gambar adalah hasil total tagihan di kurang dengan PPHnya. Untuk cara input juga silahkan centang paidnya agar ada requery untuk form OR tersebut agar nilainya tidak salah, dan jika di lihat dati total pembayaran memang ada kekurangan pembayaran sebesar 16 rupiah dan di Sales OR spec ada batasan cash difference sebesar 500 jadi tetap di anggap lunas. \n\nBerikut penjelasan dan screen shootnya, karena dari project-projcet di modern yang berjalan form ini tidak bermasalah pak.\n\nTerimakasih.\nNoksmo.', 'U0011');
INSERT INTO `tracking` VALUES ('1063', 'T201812140066', '2018-12-14 17:20:10', 'Unsolved', 'Dear pak Noksmo, kalau dilihat dari tax scheme pph ny inclusive, itu kalau saya coba OR invoice nya di lokal server dia masih ada outstanding di invoice tsb senilai PPH, mohon infony.', 'U0008');
INSERT INTO `tracking` VALUES ('1064', 'T201812140066', '2018-12-14 16:22:57', 'Diproses oleh vendor support', '', 'U0011');
INSERT INTO `tracking` VALUES ('1065', 'T201812140066', '2018-12-14 16:27:04', 'Up Progress To 0 %', 'Dear Pak Heri,\n\nBetul pak akan ada outstanding karena nanti bukti potong pph harus di masukkan di form input bukti potong, kalau pph itu tidak ada inclusive atau exclusive yang ada di PPN pak.\nNilai invoice akan lunas jika bukti potong pph sudah di input di form bukti potong. seperti di gambar terlampir.\n\nTerimakasih,', 'U0011');
INSERT INTO `tracking` VALUES ('1066', 'T201812190067', '2018-12-19 14:57:32', 'Created Ticket', 'TIKET DI BUAT', 'U0017');
INSERT INTO `tracking` VALUES ('1067', 'T201812190068', '2018-12-19 16:26:45', 'Created Ticket', 'TIKET DI BUAT', 'U0008');
INSERT INTO `tracking` VALUES ('1068', 'T201812190067', '2018-12-19 18:10:32', 'Ticket disetujui', 'TICKET DITERIMA VENDOR SUPPORT', 'U0014');
INSERT INTO `tracking` VALUES ('1069', 'T201812190068', '2018-12-19 18:11:21', 'Ticket disetujui', 'TICKET DITERIMA VENDOR SUPPORT', 'U0014');
INSERT INTO `tracking` VALUES ('1070', 'T201812190067', '2018-12-27 15:11:39', 'Up Progress To 0 %', 'Dear Pak Kukuh,\n\nTerlampir update untuk bentukan jurnal debit note module AP.\nSilahkan diupdatekan ke server\n\nTerima Kasih\n-Yulianto', 'U0014');
INSERT INTO `tracking` VALUES ('1071', 'T201812190068', '2018-12-27 15:23:14', 'Up Progress To 100 %', 'Dear Pak Heri,\n\nTerlampir update untuk nilai total OR yang berbeda ya. Silahkan diupdatekan ke server.\n\nTerima Kasih\n-Yulianto', 'U0014');
INSERT INTO `tracking` VALUES ('1072', 'T201812280069', '2018-12-28 14:15:13', 'Created Ticket', 'TIKET DI BUAT', 'U0008');
INSERT INTO `tracking` VALUES ('1073', 'T201812280069', '2018-12-28 14:26:21', 'Ticket disetujui', 'TICKET DITERIMA VENDOR SUPPORT', 'U0014');
INSERT INTO `tracking` VALUES ('1074', 'T201812280069', '2018-12-28 14:27:54', 'Up Progress To 100 %', 'Dear Pak Heri,\n\nDari hasil perbaikan kemarin, di lokal saya tidak ada kendala terkait print out debit note nya. Saya lampirkan capture dari saya.\nMohon dicek kembali dari sisi update nya sudah semua atau belum dan yang bapak sampaikan di lokal atau di live.\n\nTerima Kasih\n-Yulianto', 'U0014');
INSERT INTO `tracking` VALUES ('1075', 'T201901020070', '2019-01-02 11:10:47', 'Created Ticket', 'TIKET DI BUAT', 'U0005');
INSERT INTO `tracking` VALUES ('1076', 'T201812280069', '2019-01-02 15:05:51', 'Unsolved', 'dear pak Yulianto,\n\nterlampir codes tgl 28Desember 2018\nhttps://drive.google.com/file/d/1KQmQVK9XU9bbdtdlh5m_bmOTlaF8efoE/view?usp=sharing\n', 'U0008');
INSERT INTO `tracking` VALUES ('1077', 'T201901030071', '2019-01-03 15:34:35', 'Created Ticket', 'TIKET DI BUAT', 'U0008');
INSERT INTO `tracking` VALUES ('1078', 'T201901030071', '2019-01-04 08:46:42', 'Ticket disetujui', 'TICKET DITERIMA VENDOR SUPPORT', 'U0014');
INSERT INTO `tracking` VALUES ('1079', 'T201812280069', '2019-01-04 08:53:12', 'Diproses oleh vendor support', '', 'U0014');
INSERT INTO `tracking` VALUES ('1080', 'T201812280069', '2019-01-04 08:54:27', 'Up Progress To 0 %', 'Dear Pak Heri,\n\nTerlampir ketika saya run source 28 desember di lokal saya, tidak ada kendala. Saya lampirkan screenshootnya.\n\nTerima Kasih\n-Yulianto', 'U0014');
INSERT INTO `tracking` VALUES ('1081', 'T201901030071', '2019-01-04 08:56:15', 'Up Progress To 0 %', 'Dear Pak Heri,\n\nTolong diinfokan detail parameter yang diinputkan ketika print laporannya supaya pembanding nya sama ketika saya cek.\n\nTerima Kasih\n-Yulianto', 'U0014');
INSERT INTO `tracking` VALUES ('1082', 'T201901030071', '2019-01-04 10:33:09', 'Unsolved', 'Dear pak Yulianto, \n@thnsprmulai = \' \'\n@end_date=\'12/31/2018\'\n\nTerima kasih', 'U0008');
INSERT INTO `tracking` VALUES ('1083', 'T201901030071', '2019-01-04 10:26:40', 'Diproses oleh vendor support', '', 'U0014');
INSERT INTO `tracking` VALUES ('1084', 'T201901030071', '2019-01-04 10:30:06', 'Up Progress To 0 %', 'Dear Pak Heri,\n\nSaya cek memang per 31 Des 18 tidak ada data yang masuk aging 61-90. Silahkan bapak coba masukkan tanggal 1 Jan 19, secara data akan ada semua karena baru masuk aging nya ada yang di periode 61-90 days.\n\nSilahkan dicek kembali pak.\n\nTerima Kasih\n-Yulianto', 'U0014');
INSERT INTO `tracking` VALUES ('1085', 'T201901020070', '2019-01-04 10:49:27', 'Ticket disetujui', 'TICKET DITERIMA VENDOR SUPPORT', 'U0014');
INSERT INTO `tracking` VALUES ('1086', 'T201901020070', '2019-01-04 10:50:00', 'Up Progress To 0 %', 'Tolong infokan customer nya siapa, saya cek di lokal dengan database terakhir tidak ada.', 'U0014');
INSERT INTO `tracking` VALUES ('1087', 'T201901080072', '2019-01-08 13:11:19', 'Created Ticket', 'TIKET DI BUAT', 'U0008');
INSERT INTO `tracking` VALUES ('1088', 'T201901080072', '2019-01-08 13:18:05', 'Ticket disetujui', 'TICKET DITERIMA VENDOR SUPPORT', 'U0014');
INSERT INTO `tracking` VALUES ('1089', 'T201901080072', '2019-01-08 13:18:52', 'Up Progress To 0 %', 'Dear pak Heri,\n\nFile report not found. Mohon dicek kembali attachment nya.\n\nTerima Kasih\n-Yulianto', 'U0014');
INSERT INTO `tracking` VALUES ('1090', 'T201901080072', '2019-01-08 14:28:51', 'Unsolved', 'Maaf Pak Yulianto, untuk file di kirim lewat email ya, soal ny format attachment tdk mendukung utk di upload di web ticketing', 'U0008');
INSERT INTO `tracking` VALUES ('1091', 'T201901080072', '2019-01-08 13:29:10', 'Diproses oleh vendor support', '', 'U0014');
INSERT INTO `tracking` VALUES ('1092', 'T201901080073', '2019-01-08 17:38:02', 'Created Ticket', 'TIKET DI BUAT', 'U0008');
INSERT INTO `tracking` VALUES ('1093', 'T201901080073', '2019-01-09 09:20:13', 'Ticket disetujui', 'TICKET DITERIMA VENDOR SUPPORT', 'U0014');
INSERT INTO `tracking` VALUES ('1094', 'T201901080073', '2019-01-09 09:21:28', 'Up Progress To 0 %', 'Dear Pak Heri,\n\nUntuk report nya saya test di lokal saya hanya <=2 second saja pak untuk load report nya.\nAkan saya cek ke server dahulu apakah ada kendala juga dengan server yang menyebebkan kendala tersebut.\n\nTerima Kasih\n-Yulianto', 'U0014');
INSERT INTO `tracking` VALUES ('1095', 'T201901080072', '2019-01-09 17:05:06', 'Up Progress To 100 %', 'Dear Pak Heri,\n\nTerlampir untuk update nya, silahkan diupdate ke server.\nSesuai informasi dari bapak khusus di JC saja button print (1,2,3) di tab print kwitansi OR Auto dijadikan print dengan report yang sama di attachment ticketing ini.\n\nTerima Kasih\n-Yulianto', 'U0014');
INSERT INTO `tracking` VALUES ('1096', 'T201901020070', '2019-01-10 15:03:57', 'Unsolved', 'unit nya QG1 / 036\nnama nya = \"PERUM LEMBAGA PENYELENGGARA PELAYANAN NAVIGASI PENERBANGAN \", kurang kata \"INDONESIA\"', 'U0005');
INSERT INTO `tracking` VALUES ('1097', 'T201901020070', '2019-01-10 14:18:11', 'Diproses oleh vendor support', '', 'U0014');
INSERT INTO `tracking` VALUES ('1098', 'T201901100074', '2019-01-10 14:42:38', 'Created Ticket', 'TIKET DI BUAT', 'U0006');
INSERT INTO `tracking` VALUES ('1099', 'T201901100074', '2019-01-10 16:47:41', 'Ticket disetujui', 'TICKET DITERIMA VENDOR SUPPORT', 'U0014');
INSERT INTO `tracking` VALUES ('1100', 'T201901110075', '2019-01-11 15:32:26', 'Created Ticket', 'TIKET DI BUAT', 'U0005');
INSERT INTO `tracking` VALUES ('1101', 'T201901100074', '2019-01-14 09:30:10', 'Up Progress To 100 %', 'Dear Putri,\n\nTerlampir untuk update filter entity dan project module LA form Sertifikat Induk.\nSIlahkan diupdatekan ke server.\n\nTerima Kasih\n-Yulianto', 'U0014');
INSERT INTO `tracking` VALUES ('1108', 'T201901160077', '2019-01-16 13:13:56', 'Created Ticket', 'TIKET DI BUAT', 'U0006');
INSERT INTO `tracking` VALUES ('1109', 'T201901110075', '2019-01-16 13:17:27', 'Ticket disetujui', 'TICKET DITERIMA VENDOR SUPPORT', 'U0011');
INSERT INTO `tracking` VALUES ('1114', 'T201901160077', '2019-01-16 13:50:47', 'Ticket disetujui', 'TICKET DITERIMA VENDOR SUPPORT', 'U0014');
INSERT INTO `tracking` VALUES ('1118', 'T201901160077', '2019-01-16 15:06:46', 'Up Progress To 100 %', 'Dear bu Putri,\n\nSetelah kami cek untuk request filter desa tidak dapat dilakukan, karena untuk desa hanya ada di SPH, sedangkan header yang dari sertifikat induk tidak link dengan SPH. Alternatif lain nya jika SOP dan inputan data disana hanya mengacu 1 nomor sertifikat induk hanya untuk 1 desa, masih bisa kami lakukan. Namun jika yang terjadi ada lebih dari 1 desa dalam 1 sertifikat induk tidak bisa dilakukan filter.\n\nTerima Kasih\n-Yulianto', 'U0014');
INSERT INTO `tracking` VALUES ('1119', 'T201901160079', '2019-01-16 15:36:41', 'Created Ticket', 'TIKET DI BUAT', 'U0008');
INSERT INTO `tracking` VALUES ('1127', 'T201901160079', '2019-01-17 09:27:05', 'Ticket disetujui', 'TICKET DITERIMA VENDOR SUPPORT', 'U0014');
INSERT INTO `tracking` VALUES ('1128', 'T201901160079', '2019-01-17 16:47:55', 'Up Progress To 0 %', 'Dear Pak Heri,\n\nUntuk hal ini saya cek kenapa muncul inv tanggal 4/4/2018 karena secara data nya yang digunakan adalah nomor yang sudah ada di form SPK Close. Seharusnya jika memang closing nya harusnya diperiode yang lain, dibuatkan data baru pak, jangan menggunakan data lama nya.\nSaya lampirkan capture nya.\n\nTerima Kasih\n-Yulianto', 'U0014');
INSERT INTO `tracking` VALUES ('1129', 'T201901180080', '2019-01-18 11:58:46', 'Created Ticket', 'TIKET DI BUAT', 'U0006');
INSERT INTO `tracking` VALUES ('1130', 'T201901180080', '2019-01-18 14:13:33', 'Ticket disetujui', 'TICKET DITERIMA VENDOR SUPPORT', 'U0014');
INSERT INTO `tracking` VALUES ('1131', 'T201901180080', '2019-01-18 14:14:45', 'Up Progress To 0 %', 'Dear Putri,\n\nmohon dikirimkan template file upload dan download nya dari bank CIMB.\nfile upload berupa csv dan downloadnya bisa berupa file txt.\n\nTerima Kasih\n-Yulianto', 'U0014');
INSERT INTO `tracking` VALUES ('1133', 'T201901220081', '2019-01-22 09:47:00', 'Created Ticket', 'TIKET DI BUAT', 'U0008');
INSERT INTO `tracking` VALUES ('1134', 'T201901220082', '2019-01-22 10:15:39', 'Created Ticket', 'TIKET DI BUAT', 'U0008');
INSERT INTO `tracking` VALUES ('1137', 'T201901220082', '2019-01-23 14:02:46', 'Ticket disetujui', 'TICKET DITERIMA VENDOR SUPPORT', 'U0014');
INSERT INTO `tracking` VALUES ('1138', 'T201901220081', '2019-01-23 14:30:14', 'Ticket disetujui', 'TICKET DITERIMA VENDOR SUPPORT', 'U0014');
INSERT INTO `tracking` VALUES ('1139', 'T201901220081', '2019-01-23 14:31:46', 'Up Progress To 0 %', 'Dear Pak Heri,\n\nIni di source yang mana pak, dengan source terakhir yang ada di saya per tanggal 10 Januari 19 tidak ada masalah.\n\nTerima Kasih\n-Yulianto', 'U0014');
INSERT INTO `tracking` VALUES ('1140', 'T201901220082', '2019-01-23 14:45:53', 'Up Progress To 100 %', 'Dear Pak Heri,\n\nTerlampir untuk file update nya. SIlahkan bisa diupdate kan ke server.\n\nTerima Kasih\n-Yulianto', 'U0014');
INSERT INTO `tracking` VALUES ('1141', 'T201901160079', '2019-01-25 09:36:10', 'Up Progress To 100 %', '', 'U0014');
INSERT INTO `tracking` VALUES ('1142', 'T201901220081', '2019-01-25 09:36:23', 'Up Progress To 100 %', '', 'U0014');
INSERT INTO `tracking` VALUES ('1143', 'T201901250083', '2019-01-25 16:11:00', 'Created Ticket', 'TIKET DI BUAT', 'U0008');
INSERT INTO `tracking` VALUES ('1160', 'T201902070085', '2019-02-07 14:51:32', 'Created Ticket', 'TIKET DI BUAT', 'U0002');
INSERT INTO `tracking` VALUES ('1181', 'T201902110086', '2019-02-11 14:39:10', 'Created Ticket', 'TIKET DI BUAT', 'U0002');
INSERT INTO `tracking` VALUES ('1182', 'T201902110086', '2019-02-11 14:43:55', 'Ticket disetujui', 'TICKET DITERIMA VENDOR SUPPORT', 'U0019');
INSERT INTO `tracking` VALUES ('1183', 'T201902110086', '2019-02-11 14:53:05', 'Up Progress To 100 %', 'Ok', 'U0019');
INSERT INTO `tracking` VALUES ('1184', 'T201902190087', '2019-02-19 10:22:16', 'Created Ticket', 'TIKET DI BUAT', 'U0002');

-- ----------------------------
-- Table structure for tracking_email
-- ----------------------------
DROP TABLE IF EXISTS `tracking_email`;
CREATE TABLE `tracking_email` (
  `id_email` int(11) NOT NULL AUTO_INCREMENT,
  `id_ticket` varchar(13) NOT NULL,
  `tanggal` datetime NOT NULL,
  `status` varchar(50) NOT NULL,
  `subject` text NOT NULL,
  `id_user` varchar(5) NOT NULL,
  `tujuan` text,
  PRIMARY KEY (`id_email`) USING BTREE
) ENGINE=InnoDB AUTO_INCREMENT=523 DEFAULT CHARSET=latin1 ROW_FORMAT=COMPACT;

-- ----------------------------
-- Records of tracking_email
-- ----------------------------
INSERT INTO `tracking_email` VALUES ('26', 'T201807060007', '2018-08-13 09:20:33', '4', 'Completed Ticket T201807060007', 'U0011', null);
INSERT INTO `tracking_email` VALUES ('45', 'T201807250017', '2018-08-13 13:35:35', '6', 'Solved Ticket T201807250017', 'U0009', 'ast.drive123@gmail.com,support@ast-global.co.id,jie.piranha@gmail.com,panjihadjarati@modernland.co.id');
INSERT INTO `tracking_email` VALUES ('46', 'T201808140024', '2018-08-14 10:31:06', '1', 'Created Ticket T201808140024', 'U0006', null);
INSERT INTO `tracking_email` VALUES ('47', 'T201808140024', '2018-08-14 10:58:57', '2', 'Approved Ticket T201808140024', 'U0014', 'ticketing.ast@modernland.co.id');
INSERT INTO `tracking_email` VALUES ('48', 'T201808140024', '2018-08-14 10:59:38', '4', 'Processing Ticket T201808140024', 'U0014', 'ticketing.ast@modernland.co.id');
INSERT INTO `tracking_email` VALUES ('49', 'T201807160014', '2018-08-14 14:54:13', '6', 'Solved Ticket T201807160014', 'U0009', 'ast.drive123@gmail.com,support@ast-global.co.id,jie.piranha@gmail.com,panjihadjarati@modernland.co.id');
INSERT INTO `tracking_email` VALUES ('50', 'T201807110012', '2018-08-14 14:56:35', '6', 'Complain Ticket T201807110012', 'U0009', 'ast.drive123@gmail.com,support@ast-global.co.id,jie.piranha@gmail.com,panjihadjarati@modernland.co.id');
INSERT INTO `tracking_email` VALUES ('51', 'T201808150025', '2018-08-15 11:12:56', '1', 'Created Ticket T201808150025', 'U0008', null);
INSERT INTO `tracking_email` VALUES ('52', 'T201808150025', '2018-08-15 11:18:58', '2', 'Approved Ticket T201808150025', 'U0011', 'ticketing.ast@modernland.co.id');
INSERT INTO `tracking_email` VALUES ('53', 'T201808150025', '2018-08-15 11:19:53', '4', 'Processing Ticket T201808150025', 'U0011', 'ticketing.ast@modernland.co.id');
INSERT INTO `tracking_email` VALUES ('54', 'T201807060007', '2018-08-15 11:25:36', '6', 'Reprocess Ticket T201807060007', 'U0011', 'ticketing.ast@modernland.co.id');
INSERT INTO `tracking_email` VALUES ('55', 'T201807060007', '2018-08-15 11:26:51', '5', 'Completed Ticket T201807060007', 'U0011', 'ticketing.ast@modernland.co.id');
INSERT INTO `tracking_email` VALUES ('56', 'T201807060007', '2018-08-15 16:51:13', '6', 'Solved Ticket T201807060007', 'U0008', 'ast.drive123@gmail.com,support@ast-global.co.id,jie.piranha@gmail.com,panjihadjarati@modernland.co.id');
INSERT INTO `tracking_email` VALUES ('57', 'T201808140024', '2018-08-16 08:30:18', '5', 'Completed Ticket T201808140024', 'U0014', 'ticketing.ast@modernland.co.id');
INSERT INTO `tracking_email` VALUES ('58', 'T201808100023', '2018-08-21 10:22:16', '5', 'Completed Ticket T201808100023', 'U0014', 'ticketing.ast@modernland.co.id');
INSERT INTO `tracking_email` VALUES ('66', 'T201808100023', '2018-08-21 14:43:54', '5', 'Completed Ticket T201808100023', 'U0014', 'ticketing.ast@modernland.co.id');
INSERT INTO `tracking_email` VALUES ('72', 'T201807110012', '2018-08-23 08:55:47', '6', 'Reprocess Ticket T201807110012', 'U0011', 'ticketing.ast@modernland.co.id');
INSERT INTO `tracking_email` VALUES ('73', 'T201807110012', '2018-08-23 09:00:01', '4', 'Processing Ticket T201807110012', 'U0011', 'ticketing.ast@modernland.co.id');
INSERT INTO `tracking_email` VALUES ('74', 'T201808100023', '2018-08-23 11:18:08', '6', 'Complain Ticket T201808100023', 'U0008', 'ast.drive123@gmail.com,support@ast-global.co.id,panjihadjarati@modernland.co.id,jie.piranha@gmail.com');
INSERT INTO `tracking_email` VALUES ('80', 'T201808100023', '2018-08-23 10:51:29', '6', 'Reprocess Ticket T201808100023', 'U0014', 'ticketing.ast@modernland.co.id');
INSERT INTO `tracking_email` VALUES ('81', 'T201808100023', '2018-08-23 10:52:45', '5', 'Completed Ticket T201808100023', 'U0014', 'ticketing.ast@modernland.co.id');
INSERT INTO `tracking_email` VALUES ('82', 'T201808100023', '2018-08-23 11:57:26', '6', 'Solved Ticket T201808100023', 'U0008', 'ast.drive123@gmail.com,support@ast-global.co.id,panjihadjarati@modernland.co.id,jie.piranha@gmail.com');
INSERT INTO `tracking_email` VALUES ('83', 'T201808150025', '2018-08-24 15:01:16', '5', 'Completed Ticket T201808150025', 'U0011', 'ticketing.ast@modernland.co.id');
INSERT INTO `tracking_email` VALUES ('84', 'T201808270026', '2018-08-27 09:43:46', '1', 'Created Ticket T201808270026', 'U0006', null);
INSERT INTO `tracking_email` VALUES ('85', 'T201808270026', '2018-08-27 09:49:08', '2', 'Approved Ticket T201808270026', 'U0011', 'ticketing.ast@modernland.co.id');
INSERT INTO `tracking_email` VALUES ('86', 'T201808270026', '2018-08-27 10:00:02', '4', 'Processing Ticket T201808270026', 'U0011', 'ticketing.ast@modernland.co.id');
INSERT INTO `tracking_email` VALUES ('87', 'T201808270027', '2018-08-27 10:47:33', '1', 'Created Ticket T201808270027', 'U0007', null);
INSERT INTO `tracking_email` VALUES ('88', 'T201808270027', '2018-08-27 11:47:43', '8', 'Confirm New Ticket T201808270027', 'U0007', 'ast.drive123@gmail.com,support@ast-global.co.id,jie.piranha@gmail.com,panjihadjarati@modernland.co.id');
INSERT INTO `tracking_email` VALUES ('89', 'T201808270027', '2018-08-27 11:47:45', '8', 'Confirm New Ticket T201808270027', 'U0007', 'ast.drive123@gmail.com,support@ast-global.co.id,jie.piranha@gmail.com,panjihadjarati@modernland.co.id');
INSERT INTO `tracking_email` VALUES ('90', 'T201808270027', '2018-08-27 11:52:59', '8', 'Confirm New Ticket T201808270027', 'U0007', 'ast.drive123@gmail.com,support@ast-global.co.id,jie.piranha@gmail.com,panjihadjarati@modernland.co.id');
INSERT INTO `tracking_email` VALUES ('91', 'T201808270027', '2018-08-27 11:53:02', '8', 'Confirm New Ticket T201808270027', 'U0007', 'ast.drive123@gmail.com,support@ast-global.co.id,jie.piranha@gmail.com,panjihadjarati@modernland.co.id');
INSERT INTO `tracking_email` VALUES ('92', 'T201808270027', '2018-08-27 10:58:57', '2', 'Approved Ticket T201808270027', 'U0011', 'ticketing.ast@modernland.co.id');
INSERT INTO `tracking_email` VALUES ('93', 'T201808270027', '2018-08-27 11:33:15', '5', 'Completed Ticket T201808270027', 'U0011', 'ticketing.ast@modernland.co.id');
INSERT INTO `tracking_email` VALUES ('94', 'T201808150025', '2018-08-27 18:19:55', '6', 'Complain Ticket T201808150025', 'U0008', 'ast.drive123@gmail.com,support@ast-global.co.id,jie.piranha@gmail.com,panjihadjarati@modernland.co.id');
INSERT INTO `tracking_email` VALUES ('95', 'T201808150025', '2018-08-27 17:33:10', '6', 'Reprocess Ticket T201808150025', 'U0011', 'ticketing.ast@modernland.co.id');
INSERT INTO `tracking_email` VALUES ('96', 'T201808150025', '2018-08-27 17:34:50', '5', 'Completed Ticket T201808150025', 'U0011', 'ticketing.ast@modernland.co.id');
INSERT INTO `tracking_email` VALUES ('97', 'T201808150025', '2018-08-28 09:44:04', '6', 'Solved Ticket T201808150025', 'U0008', 'ast.drive123@gmail.com,support@ast-global.co.id,jie.piranha@gmail.com,panjihadjarati@modernland.co.id');
INSERT INTO `tracking_email` VALUES ('98', 'T201808280028', '2018-08-28 16:16:59', '1', 'Created Ticket T201808280028', 'U0006', null);
INSERT INTO `tracking_email` VALUES ('99', 'T201808280028', '2018-08-28 16:25:09', '2', 'Approved Ticket T201808280028', 'U0011', 'ticketing.ast@modernland.co.id');
INSERT INTO `tracking_email` VALUES ('100', 'T201808280028', '2018-08-28 16:28:41', '5', 'Completed Ticket T201808280028', 'U0011', 'ticketing.ast@modernland.co.id');
INSERT INTO `tracking_email` VALUES ('101', 'T201808310029', '2018-08-31 15:12:47', '1', 'Created Ticket T201808310029', 'U0008', null);
INSERT INTO `tracking_email` VALUES ('102', 'T201808140024', '2018-09-03 16:19:03', '6', 'Solved Ticket T201808140024', 'U0006', 'ast.drive123@gmail.com,support@ast-global.co.id,panjihadjarati@modernland.co.id,jie.piranha@gmail.com');
INSERT INTO `tracking_email` VALUES ('103', 'T201808280028', '2018-09-03 16:21:23', '6', 'Solved Ticket T201808280028', 'U0006', 'ast.drive123@gmail.com,support@ast-global.co.id,jie.piranha@gmail.com,panjihadjarati@modernland.co.id');
INSERT INTO `tracking_email` VALUES ('104', 'T201809040030', '2018-09-04 09:10:14', '1', 'Created Ticket T201809040030', 'U0008', null);
INSERT INTO `tracking_email` VALUES ('105', 'T201809040030', '2018-09-04 11:09:47', '2', 'Approved Ticket T201809040030', 'U0014', 'ticketing.ast@modernland.co.id');
INSERT INTO `tracking_email` VALUES ('106', 'T201809040030', '2018-09-04 11:14:02', '5', 'Completed Ticket T201809040030', 'U0014', 'ticketing.ast@modernland.co.id');
INSERT INTO `tracking_email` VALUES ('107', 'T201809040030', '2018-09-05 14:21:23', '6', 'Solved Ticket T201809040030', 'U0008', 'ast.drive123@gmail.com,support@ast-global.co.id,panjihadjarati@modernland.co.id,jie.piranha@gmail.com');
INSERT INTO `tracking_email` VALUES ('108', 'T201809060031', '2018-09-06 09:46:32', '1', 'Created Ticket T201809060031', 'U0008', null);
INSERT INTO `tracking_email` VALUES ('109', 'T201809060031', '2018-09-06 10:00:09', '2', 'Approved Ticket T201809060031', 'U0014', 'ticketing.ast@modernland.co.id');
INSERT INTO `tracking_email` VALUES ('110', 'T201809060031', '2018-09-07 09:24:29', '5', 'Completed Ticket T201809060031', 'U0014', 'ticketing.ast@modernland.co.id');
INSERT INTO `tracking_email` VALUES ('111', 'T201809060031', '2018-09-10 16:13:48', '6', 'Solved Ticket T201809060031', 'U0008', 'ast.drive123@gmail.com,support@ast-global.co.id,panjihadjarati@modernland.co.id,jie.piranha@gmail.com');
INSERT INTO `tracking_email` VALUES ('112', 'T201809120032', '2018-09-12 12:04:30', '1', 'Created Ticket T201809120032', 'U0006', null);
INSERT INTO `tracking_email` VALUES ('113', 'T201809120032', '2018-09-14 08:51:55', '2', 'Approved Ticket T201809120032', 'U0011', 'ticketing.ast@modernland.co.id');
INSERT INTO `tracking_email` VALUES ('114', 'T201808310029', '2018-09-14 08:51:58', '2', 'Approved Ticket T201808310029', 'U0011', 'ticketing.ast@modernland.co.id');
INSERT INTO `tracking_email` VALUES ('115', 'T201808270026', '2018-09-14 08:53:08', '5', 'Completed Ticket T201808270026', 'U0011', 'ticketing.ast@modernland.co.id');
INSERT INTO `tracking_email` VALUES ('116', 'T201809120032', '2018-09-14 08:54:25', '4', 'Processing Ticket T201809120032', 'U0011', 'ticketing.ast@modernland.co.id');
INSERT INTO `tracking_email` VALUES ('117', 'T201809140033', '2018-09-14 18:43:22', '1', 'Created Ticket T201809140033', 'U0008', null);
INSERT INTO `tracking_email` VALUES ('118', 'T201809140034', '2018-09-14 19:05:23', '1', 'Created Ticket T201809140034', 'U0008', null);
INSERT INTO `tracking_email` VALUES ('119', 'T201809140034', '2018-09-17 09:14:04', '2', 'Approved Ticket T201809140034', 'U0011', 'ticketing.ast@modernland.co.id');
INSERT INTO `tracking_email` VALUES ('120', 'T201809140034', '2018-09-17 13:07:28', '5', 'Completed Ticket T201809140034', 'U0011', 'ticketing.ast@modernland.co.id');
INSERT INTO `tracking_email` VALUES ('121', 'T201809140033', '2018-09-17 13:08:37', '2', 'Approved Ticket T201809140033', 'U0011', 'ticketing.ast@modernland.co.id');
INSERT INTO `tracking_email` VALUES ('122', 'T201809140034', '2018-09-17 15:03:19', '6', 'Solved Ticket T201809140034', 'U0008', 'ast.drive123@gmail.com,support@ast-global.co.id,jie.piranha@gmail.com,panjihadjarati@modernland.co.id');
INSERT INTO `tracking_email` VALUES ('123', 'T201809170035', '2018-09-17 16:54:53', '1', 'Created Ticket T201809170035', 'U0008', null);
INSERT INTO `tracking_email` VALUES ('124', 'T201809170035', '2018-09-17 16:57:53', '2', 'Approved Ticket T201809170035', 'U0014', 'ticketing.ast@modernland.co.id');
INSERT INTO `tracking_email` VALUES ('125', 'T201809170035', '2018-09-17 17:17:25', '4', 'Processing Ticket T201809170035', 'U0014', 'ticketing.ast@modernland.co.id');
INSERT INTO `tracking_email` VALUES ('126', 'T201807110012', '2018-09-17 18:23:10', '4', 'User Comment On Processing Ticket T201807110012', 'U0009', 'ast.drive123@gmail.com,support@ast-global.co.id,jie.piranha@gmail.com,panjihadjarati@modernland.co.id');
INSERT INTO `tracking_email` VALUES ('127', 'T201807110012', '2018-09-18 08:43:59', '5', 'Completed Ticket T201807110012', 'U0011', 'ticketing.ast@modernland.co.id');
INSERT INTO `tracking_email` VALUES ('128', 'T201809120032', '2018-09-18 09:55:30', '5', 'Completed Ticket T201809120032', 'U0011', 'ticketing.ast@modernland.co.id');
INSERT INTO `tracking_email` VALUES ('129', 'T201808310029', '2018-09-18 10:23:38', '5', 'Completed Ticket T201808310029', 'U0011', 'ticketing.ast@modernland.co.id');
INSERT INTO `tracking_email` VALUES ('130', 'T201809170035', '2018-09-18 16:48:24', '4', 'User Comment On Processing Ticket T201809170035', 'U0008', 'ast.drive123@gmail.com,support@ast-global.co.id,jie.piranha@gmail.com,panjihadjarati@modernland.co.id');
INSERT INTO `tracking_email` VALUES ('131', 'T201809170035', '2018-09-18 15:51:58', '5', 'Completed Ticket T201809170035', 'U0014', 'ticketing.ast@modernland.co.id');
INSERT INTO `tracking_email` VALUES ('132', 'T201809170035', '2018-09-18 17:39:02', '6', 'Solved Ticket T201809170035', 'U0008', 'ast.drive123@gmail.com,support@ast-global.co.id,panjihadjarati@modernland.co.id,jie.piranha@gmail.com');
INSERT INTO `tracking_email` VALUES ('133', 'T201809140033', '2018-09-18 16:41:31', '5', 'Completed Ticket T201809140033', 'U0011', 'ticketing.ast@modernland.co.id');
INSERT INTO `tracking_email` VALUES ('134', 'T201808310029', '2018-09-18 17:51:02', '6', 'Complain Ticket T201808310029', 'U0008', 'ast.drive123@gmail.com,support@ast-global.co.id,jie.piranha@gmail.com,panjihadjarati@modernland.co.id');
INSERT INTO `tracking_email` VALUES ('135', 'T201808310029', '2018-09-19 09:59:15', '6', 'Reprocess Ticket T201808310029', 'U0011', 'ticketing.ast@modernland.co.id');
INSERT INTO `tracking_email` VALUES ('136', 'T201809190036', '2018-09-19 10:07:16', '1', 'Created Ticket T201809190036', 'U0006', 'ast.drive123@gmail.com,support@ast-global.co.id,jie.piranha@gmail.com,panjihadjarati@modernland.co.id');
INSERT INTO `tracking_email` VALUES ('137', 'T201809190036', '2018-09-19 10:44:42', '2', 'Approved Ticket T201809190036', 'U0011', 'ticketing.ast@modernland.co.id');
INSERT INTO `tracking_email` VALUES ('138', 'T201809190037', '2018-09-19 14:14:14', '1', 'Created Ticket T201809190037', 'U0009', 'ast.drive123@gmail.com,support@ast-global.co.id,jie.piranha@gmail.com,panjihadjarati@modernland.co.id');
INSERT INTO `tracking_email` VALUES ('139', 'T201809190037', '2018-09-19 14:28:45', '2', 'Approved Ticket T201809190037', 'U0011', 'ticketing.ast@modernland.co.id');
INSERT INTO `tracking_email` VALUES ('140', 'T201809190038', '2018-09-19 18:33:26', '1', 'Created Ticket T201809190038', 'U0008', 'ast.drive123@gmail.com,support@ast-global.co.id,jie.piranha@gmail.com,panjihadjarati@modernland.co.id');
INSERT INTO `tracking_email` VALUES ('141', 'T201809140033', '2018-09-20 10:44:51', '6', 'Complain Ticket T201809140033', 'U0008', 'ast.drive123@gmail.com,support@ast-global.co.id,jie.piranha@gmail.com,panjihadjarati@modernland.co.id');
INSERT INTO `tracking_email` VALUES ('142', 'T201809190038', '2018-09-20 15:35:27', '8', 'Confirm New Ticket T201809190038', 'U0008', 'ast.drive123@gmail.com,support@ast-global.co.id,jie.piranha@gmail.com,panjihadjarati@modernland.co.id');
INSERT INTO `tracking_email` VALUES ('143', 'T201808270026', '2018-09-20 16:52:24', '6', 'Solved Ticket T201808270026', 'U0006', 'ast.drive123@gmail.com,support@ast-global.co.id,jie.piranha@gmail.com,panjihadjarati@modernland.co.id');
INSERT INTO `tracking_email` VALUES ('144', 'T201809120032', '2018-09-20 16:52:37', '6', 'Solved Ticket T201809120032', 'U0006', 'ast.drive123@gmail.com,support@ast-global.co.id,jie.piranha@gmail.com,panjihadjarati@modernland.co.id');
INSERT INTO `tracking_email` VALUES ('145', 'T201807110012', '2018-09-21 15:20:57', '6', 'Solved Ticket T201807110012', 'U0009', 'ast.drive123@gmail.com,support@ast-global.co.id,jie.piranha@gmail.com,panjihadjarati@modernland.co.id');
INSERT INTO `tracking_email` VALUES ('146', 'T201809140033', '2018-09-21 17:15:00', '6', 'Reprocess Ticket T201809140033', 'U0011', 'ticketing.ast@modernland.co.id');
INSERT INTO `tracking_email` VALUES ('147', 'T201809140033', '2018-09-21 17:17:05', '5', 'Completed Ticket T201809140033', 'U0011', 'ticketing.ast@modernland.co.id');
INSERT INTO `tracking_email` VALUES ('148', 'T201809140033', '2018-09-21 18:21:56', '6', 'Solved Ticket T201809140033', 'U0008', 'ast.drive123@gmail.com,support@ast-global.co.id,jie.piranha@gmail.com,panjihadjarati@modernland.co.id');
INSERT INTO `tracking_email` VALUES ('149', 'T201809240038', '2018-09-24 09:53:40', '1', 'Created Ticket T201809240038', 'U0006', 'ast.drive123@gmail.com,support@ast-global.co.id,jie.piranha@gmail.com,panjihadjarati@modernland.co.id');
INSERT INTO `tracking_email` VALUES ('150', 'T201809240038', '2018-09-24 10:39:19', '2', 'Approved Ticket T201809240038', 'U0014', 'ticketing.ast@modernland.co.id');
INSERT INTO `tracking_email` VALUES ('151', 'T201809240038', '2018-09-24 10:42:10', '5', 'Completed Ticket T201809240038', 'U0014', 'ticketing.ast@modernland.co.id');
INSERT INTO `tracking_email` VALUES ('152', 'T201809240038', '2018-09-24 12:01:48', '6', 'Solved Ticket T201809240038', 'U0006', 'ast.drive123@gmail.com,support@ast-global.co.id,panjihadjarati@modernland.co.id,jie.piranha@gmail.com');
INSERT INTO `tracking_email` VALUES ('153', 'T201809260039', '2018-09-26 14:26:08', '1', 'Created Ticket T201809260039', 'U0008', 'ast.drive123@gmail.com,support@ast-global.co.id,jie.piranha@gmail.com,panjihadjarati@modernland.co.id');
INSERT INTO `tracking_email` VALUES ('154', 'T201809270040', '2018-09-27 14:28:01', '1', 'Created Ticket T201809270040', 'U0006', 'ast.drive123@gmail.com,support@ast-global.co.id,jie.piranha@gmail.com,panjihadjarati@modernland.co.id');
INSERT INTO `tracking_email` VALUES ('155', 'T201809280041', '2018-09-28 09:06:58', '1', 'Created Ticket T201809280041', 'U0008', 'ast.drive123@gmail.com,support@ast-global.co.id,jie.piranha@gmail.com,panjihadjarati@modernland.co.id');
INSERT INTO `tracking_email` VALUES ('156', 'T201809260039', '2018-09-28 09:22:23', '2', 'Approved Ticket T201809260039', 'U0014', 'ticketing.ast@modernland.co.id');
INSERT INTO `tracking_email` VALUES ('157', 'T201809280042', '2018-09-28 10:13:58', '1', 'Created Ticket T201809280042', 'U0009', 'ast.drive123@gmail.com,support@ast-global.co.id,jie.piranha@gmail.com,panjihadjarati@modernland.co.id');
INSERT INTO `tracking_email` VALUES ('159', 'T201809280042', '2018-09-28 11:33:52', '2', 'Approved Ticket T201809280042', 'U0011', 'ticketing.ast@modernland.co.id');
INSERT INTO `tracking_email` VALUES ('160', 'T201809280041', '2018-09-28 11:35:12', '2', 'Approved Ticket T201809280041', 'U0011', 'ticketing.ast@modernland.co.id');
INSERT INTO `tracking_email` VALUES ('161', 'T201809270040', '2018-09-28 11:35:25', '2', 'Approved Ticket T201809270040', 'U0011', 'ticketing.ast@modernland.co.id');
INSERT INTO `tracking_email` VALUES ('162', 'T201809270040', '2018-09-28 11:38:56', '5', 'Completed Ticket T201809270040', 'U0011', 'ticketing.ast@modernland.co.id');
INSERT INTO `tracking_email` VALUES ('163', 'T201809280041', '2018-09-28 11:41:25', '5', 'Completed Ticket T201809280041', 'U0011', 'ticketing.ast@modernland.co.id');
INSERT INTO `tracking_email` VALUES ('164', 'T201809280042', '2018-09-28 11:42:14', '4', 'Processing Ticket T201809280042', 'U0011', 'ticketing.ast@modernland.co.id');
INSERT INTO `tracking_email` VALUES ('165', 'T201809280041', '2018-09-28 14:04:08', '6', 'Solved Ticket T201809280041', 'U0008', 'ast.drive123@gmail.com,support@ast-global.co.id,jie.piranha@gmail.com,panjihadjarati@modernland.co.id');
INSERT INTO `tracking_email` VALUES ('172', 'T201809270040', '2018-10-01 10:12:07', '6', 'Solved Ticket T201809270040', 'U0006', 'ast.drive123@gmail.com,support@ast-global.co.id,jie.piranha@gmail.com,panjihadjarati@modernland.co.id');
INSERT INTO `tracking_email` VALUES ('173', 'T201810010043', '2018-10-01 09:29:32', '1', 'Created Ticket T201810010043', 'U0006', 'ast.drive123@gmail.com,support@ast-global.co.id,jie.piranha@gmail.com,panjihadjarati@modernland.co.id');
INSERT INTO `tracking_email` VALUES ('174', 'T201810010044', '2018-10-01 09:56:38', '1', 'Created Ticket T201810010044', 'U0006', 'ast.drive123@gmail.com,support@ast-global.co.id,jie.piranha@gmail.com,panjihadjarati@modernland.co.id');
INSERT INTO `tracking_email` VALUES ('175', 'T201810010045', '2018-10-01 10:00:32', '1', 'Created Ticket T201810010045', 'U0006', 'ast.drive123@gmail.com,support@ast-global.co.id,jie.piranha@gmail.com,panjihadjarati@modernland.co.id');
INSERT INTO `tracking_email` VALUES ('176', 'T201810010044', '2018-10-01 10:01:51', '2', 'Approved Ticket T201810010044', 'U0014', 'ticketing.ast@modernland.co.id');
INSERT INTO `tracking_email` VALUES ('177', 'T201810010044', '2018-10-01 10:02:18', '5', 'Completed Ticket T201810010044', 'U0014', 'ticketing.ast@modernland.co.id');
INSERT INTO `tracking_email` VALUES ('178', 'T201810010045', '2018-10-01 10:28:40', '2', 'Approved Ticket T201810010045', 'U0011', 'ticketing.ast@modernland.co.id');
INSERT INTO `tracking_email` VALUES ('179', 'T201810010045', '2018-10-01 10:30:30', '5', 'Completed Ticket T201810010045', 'U0011', 'ticketing.ast@modernland.co.id');
INSERT INTO `tracking_email` VALUES ('180', 'T201808310029', '2018-10-01 10:31:53', '5', 'Completed Ticket T201808310029', 'U0011', 'ticketing.ast@modernland.co.id');
INSERT INTO `tracking_email` VALUES ('181', 'T201810010043', '2018-10-01 10:35:02', '2', 'Approved Ticket T201810010043', 'U0011', 'ticketing.ast@modernland.co.id');
INSERT INTO `tracking_email` VALUES ('182', 'T201809280042', '2018-10-01 11:05:16', '5', 'Completed Ticket T201809280042', 'U0011', 'ticketing.ast@modernland.co.id');
INSERT INTO `tracking_email` VALUES ('185', 'T201809190036', '2018-10-01 13:36:13', '5', 'Completed Ticket T201809190036', 'U0011', 'ticketing.ast@modernland.co.id');
INSERT INTO `tracking_email` VALUES ('186', 'T201809190037', '2018-10-02 09:12:18', '5', 'Completed Ticket T201809190037', 'U0011', 'ticketing.ast@modernland.co.id');
INSERT INTO `tracking_email` VALUES ('187', 'T201810010044', '2018-10-02 11:53:34', '6', 'Solved Ticket T201810010044', 'U0006', 'ast.drive123@gmail.com,support@ast-global.co.id,panjihadjarati@modernland.co.id,jie.piranha@gmail.com');
INSERT INTO `tracking_email` VALUES ('188', 'T201810010045', '2018-10-02 11:53:41', '6', 'Solved Ticket T201810010045', 'U0006', 'ast.drive123@gmail.com,support@ast-global.co.id,jie.piranha@gmail.com,panjihadjarati@modernland.co.id');
INSERT INTO `tracking_email` VALUES ('189', 'T201809190036', '2018-10-02 12:07:26', '6', 'Solved Ticket T201809190036', 'U0006', 'ast.drive123@gmail.com,support@ast-global.co.id,jie.piranha@gmail.com,panjihadjarati@modernland.co.id');
INSERT INTO `tracking_email` VALUES ('190', 'T201808090022', '2018-10-02 11:53:20', '5', 'Completed Ticket T201808090022', 'U0011', 'ticketing.ast@modernland.co.id');
INSERT INTO `tracking_email` VALUES ('191', 'T201808090022', '2018-10-02 16:38:16', '6', 'Complain Ticket T201808090022', 'U0008', 'ast.drive123@gmail.com,support@ast-global.co.id,jie.piranha@gmail.com,panjihadjarati@modernland.co.id');
INSERT INTO `tracking_email` VALUES ('192', 'T201808090022', '2018-10-02 15:39:30', '6', 'Reprocess Ticket T201808090022', 'U0011', 'ticketing.ast@modernland.co.id');
INSERT INTO `tracking_email` VALUES ('193', 'T201808090022', '2018-10-02 15:39:25', '6', 'Reprocess Ticket T201808090022', 'U0011', 'ticketing.ast@modernland.co.id');
INSERT INTO `tracking_email` VALUES ('194', 'T201808090022', '2018-10-02 15:40:59', '5', 'Completed Ticket T201808090022', 'U0011', 'ticketing.ast@modernland.co.id');
INSERT INTO `tracking_email` VALUES ('195', 'T201809280042', '2018-10-02 17:13:34', '6', 'Solved Ticket T201809280042', 'U0009', 'ast.drive123@gmail.com,support@ast-global.co.id,jie.piranha@gmail.com,panjihadjarati@modernland.co.id');
INSERT INTO `tracking_email` VALUES ('196', 'T201808090022', '2018-10-02 17:23:01', '6', 'Solved Ticket T201808090022', 'U0008', 'ast.drive123@gmail.com,support@ast-global.co.id,jie.piranha@gmail.com,panjihadjarati@modernland.co.id');
INSERT INTO `tracking_email` VALUES ('197', 'T201810030046', '2018-10-03 11:12:07', '1', 'Created Ticket T201810030046', 'U0002', 'ast.drive123@gmail.com,support@ast-global.co.id,jie.piranha@gmail.com,panjihadjarati@modernland.co.id');
INSERT INTO `tracking_email` VALUES ('198', 'T201805280002', '2018-10-03 11:13:18', '1', 'Reprocessed Ticket T201805280002', 'U0016', 'ticketing.ast@modernland.co.id');
INSERT INTO `tracking_email` VALUES ('199', 'T201810030046', '2018-10-03 11:13:43', '2', 'Approved Ticket T201810030046', 'U0016', 'panjihadjarati@modernland.co.id');
INSERT INTO `tracking_email` VALUES ('200', 'T201810030046', '2018-10-03 11:15:12', '5', 'Completed Ticket T201810030046', 'U0016', 'panjihadjarati@modernland.co.id');
INSERT INTO `tracking_email` VALUES ('201', 'T201810030046', '2018-10-03 12:16:31', '6', 'Complain Ticket T201810030046', 'U0003', 'panjihadjarati@modernland.co.id');
INSERT INTO `tracking_email` VALUES ('202', 'T201810030046', '2018-10-03 11:19:03', '5', 'Completed Ticket T201810030046', 'U0002', 'panjihadjarati@modernland.co.id');
INSERT INTO `tracking_email` VALUES ('203', 'T201810030046', '2018-10-03 14:41:33', '6', 'Complain Ticket T201810030046', 'U0002', 'panjihadjarati@modernland.co.id');
INSERT INTO `tracking_email` VALUES ('204', 'T201805280002', '2018-10-03 13:42:24', '7', 'Rejected Ticket T201805280002', 'U0016', 'ticketing.ast@modernland.co.id');
INSERT INTO `tracking_email` VALUES ('205', 'T201805280002', '2018-10-03 13:42:29', '1', 'Reprocessed Ticket T201805280002', 'U0016', 'ticketing.ast@modernland.co.id');
INSERT INTO `tracking_email` VALUES ('206', 'T201810030046', '2018-10-03 13:42:39', '6', 'Reprocess Ticket T201810030046', 'U0016', 'panjihadjarati@modernland.co.id');
INSERT INTO `tracking_email` VALUES ('207', 'T201810030046', '2018-10-03 13:43:24', '5', 'Completed Ticket T201810030046', 'U0016', 'panjihadjarati@modernland.co.id');
INSERT INTO `tracking_email` VALUES ('208', 'T201810030046', '2018-10-03 14:43:54', '6', 'Complain Ticket T201810030046', 'U0003', 'panjihadjarati@modernland.co.id');
INSERT INTO `tracking_email` VALUES ('209', 'T201810030046', '2018-10-03 13:44:23', '6', 'Reprocess Ticket T201810030046', 'U0016', 'panjihadjarati@modernland.co.id');
INSERT INTO `tracking_email` VALUES ('210', 'T201810030046', '2018-10-03 13:45:11', '5', 'Completed Ticket T201810030046', 'U0016', 'panjihadjarati@modernland.co.id');
INSERT INTO `tracking_email` VALUES ('211', 'T201810030046', '2018-10-03 14:46:13', '6', 'Complain Ticket T201810030046', 'U0003', 'panjihadjarati@modernland.co.id');
INSERT INTO `tracking_email` VALUES ('212', 'T201810030046', '2018-10-03 13:47:07', '6', 'Reprocess Ticket T201810030046', 'U0016', 'panjihadjarati@modernland.co.id');
INSERT INTO `tracking_email` VALUES ('213', 'T201810030046', '2018-10-03 13:47:20', '4', 'Processing Ticket T201810030046', 'U0016', 'panjihadjarati@modernland.co.id');
INSERT INTO `tracking_email` VALUES ('214', 'T201810030046', '2018-10-03 14:50:13', '4', 'User Comment On Processing Ticket T201810030046', 'U0003', 'ast.drive123@gmail.com,support@ast-global.co.id,jie.piranha@gmail.com,panjihadjarati@modernland.co.id');
INSERT INTO `tracking_email` VALUES ('215', 'T201810030046', '2018-10-03 13:51:00', '5', 'Completed Ticket T201810030046', 'U0016', 'panjihadjarati@modernland.co.id');
INSERT INTO `tracking_email` VALUES ('216', 'T201810030046', '2018-10-03 14:51:59', '6', 'Solved Ticket T201810030046', 'U0003', 'panjihadjarati@modernland.co.id');
INSERT INTO `tracking_email` VALUES ('217', 'T201810040046', '2018-10-04 16:03:01', '1', 'Created Ticket T201810040046', 'U0008', 'ast.drive123@gmail.com,support@ast-global.co.id,jie.piranha@gmail.com,panjihadjarati@modernland.co.id');
INSERT INTO `tracking_email` VALUES ('218', 'T201808310029', '2018-10-04 17:19:42', '6', 'Complain Ticket T201808310029', 'U0008', 'ast.drive123@gmail.com,support@ast-global.co.id,jie.piranha@gmail.com,panjihadjarati@modernland.co.id');
INSERT INTO `tracking_email` VALUES ('219', 'T201810050047', '2018-10-05 10:16:39', '1', 'Created Ticket T201810050047', 'U0006', 'ast.drive123@gmail.com,support@ast-global.co.id,jie.piranha@gmail.com,panjihadjarati@modernland.co.id');
INSERT INTO `tracking_email` VALUES ('220', 'T201810040046', '2018-10-05 12:21:36', '8', 'Confirm New Ticket T201810040046', 'U0008', 'ast.drive123@gmail.com,support@ast-global.co.id,jie.piranha@gmail.com,panjihadjarati@modernland.co.id');
INSERT INTO `tracking_email` VALUES ('221', 'T201810050047', '2018-10-05 11:23:32', '2', 'Approved Ticket T201810050047', 'U0011', 'ticketing.ast@modernland.co.id');
INSERT INTO `tracking_email` VALUES ('222', 'T201810050047', '2018-10-05 11:24:36', '5', 'Completed Ticket T201810050047', 'U0011', 'ticketing.ast@modernland.co.id');
INSERT INTO `tracking_email` VALUES ('223', 'T201810050048', '2018-10-05 13:34:41', '1', 'Created Ticket T201810050048', 'U0002', 'ast.drive123@gmail.com,support@ast-global.co.id,jie.piranha@gmail.com,panjihadjarati@modernland.co.id');
INSERT INTO `tracking_email` VALUES ('224', 'T201810040046', '2018-10-05 13:51:33', '2', 'Approved Ticket T201810040046', 'U0011', 'ticketing.ast@modernland.co.id');
INSERT INTO `tracking_email` VALUES ('225', 'T201808310029', '2018-10-05 13:51:41', '6', 'Reprocess Ticket T201808310029', 'U0011', 'ticketing.ast@modernland.co.id');
INSERT INTO `tracking_email` VALUES ('226', 'T201809260039', '2018-10-08 11:11:03', '5', 'Completed Ticket T201809260039', 'U0014', 'ticketing.ast@modernland.co.id');
INSERT INTO `tracking_email` VALUES ('227', 'T201810050047', '2018-10-08 12:20:43', '6', 'Solved Ticket T201810050047', 'U0006', 'ast.drive123@gmail.com,support@ast-global.co.id,jie.piranha@gmail.com,panjihadjarati@modernland.co.id');
INSERT INTO `tracking_email` VALUES ('228', 'T201809190037', '2018-10-08 12:27:22', '6', 'Complain Ticket T201809190037', 'U0009', 'ast.drive123@gmail.com,support@ast-global.co.id,jie.piranha@gmail.com,panjihadjarati@modernland.co.id');
INSERT INTO `tracking_email` VALUES ('229', 'T201810080048', '2018-10-08 15:48:12', '1', 'Created Ticket T201810080048', 'U0008', 'ast.drive123@gmail.com,support@ast-global.co.id,jie.piranha@gmail.com,panjihadjarati@modernland.co.id');
INSERT INTO `tracking_email` VALUES ('230', 'T201810080048', '2018-10-08 16:02:28', '2', 'Approved Ticket T201810080048', 'U0011', 'ticketing.ast@modernland.co.id');
INSERT INTO `tracking_email` VALUES ('231', 'T201810080048', '2018-10-08 16:06:17', '4', 'Processing Ticket T201810080048', 'U0011', 'ticketing.ast@modernland.co.id');
INSERT INTO `tracking_email` VALUES ('232', 'T201809260039', '2018-10-09 09:39:32', '6', 'Complain Ticket T201809260039', 'U0008', 'ast.drive123@gmail.com,support@ast-global.co.id,panjihadjarati@modernland.co.id,jie.piranha@gmail.com');
INSERT INTO `tracking_email` VALUES ('233', 'T201808310029', '2018-10-09 09:55:28', '5', 'Completed Ticket T201808310029', 'U0011', 'ticketing.ast@modernland.co.id');
INSERT INTO `tracking_email` VALUES ('234', 'T201809190037', '2018-10-09 10:18:32', '6', 'Reprocess Ticket T201809190037', 'U0011', 'ticketing.ast@modernland.co.id');
INSERT INTO `tracking_email` VALUES ('235', 'T201809190037', '2018-10-09 10:22:47', '4', 'Processing Ticket T201809190037', 'U0011', 'ticketing.ast@modernland.co.id');
INSERT INTO `tracking_email` VALUES ('236', 'T201810040046', '2018-10-09 13:18:28', '5', 'Completed Ticket T201810040046', 'U0011', 'ticketing.ast@modernland.co.id');
INSERT INTO `tracking_email` VALUES ('237', 'T201810040046', '2018-10-09 14:48:38', '6', 'Solved Ticket T201810040046', 'U0008', 'ast.drive123@gmail.com,support@ast-global.co.id,jie.piranha@gmail.com,panjihadjarati@modernland.co.id');
INSERT INTO `tracking_email` VALUES ('238', 'T201808310029', '2018-10-09 17:29:40', '6', 'Complain Ticket T201808310029', 'U0008', 'ast.drive123@gmail.com,support@ast-global.co.id,jie.piranha@gmail.com,panjihadjarati@modernland.co.id');
INSERT INTO `tracking_email` VALUES ('239', 'T201808310029', '2018-10-09 16:30:04', '6', 'Reprocess Ticket T201808310029', 'U0011', 'ticketing.ast@modernland.co.id');
INSERT INTO `tracking_email` VALUES ('240', 'T201808310029', '2018-10-09 16:30:43', '5', 'Completed Ticket T201808310029', 'U0011', 'ticketing.ast@modernland.co.id');
INSERT INTO `tracking_email` VALUES ('241', 'T201808310029', '2018-10-10 10:05:48', '6', 'Solved Ticket T201808310029', 'U0008', 'ast.drive123@gmail.com,support@ast-global.co.id,jie.piranha@gmail.com,panjihadjarati@modernland.co.id');
INSERT INTO `tracking_email` VALUES ('242', 'T201810080048', '2018-10-10 11:57:58', '4', 'User Comment On Processing Ticket T201810080048', 'U0008', 'ast.drive123@gmail.com,support@ast-global.co.id,jie.piranha@gmail.com,panjihadjarati@modernland.co.id');
INSERT INTO `tracking_email` VALUES ('243', 'T201810110049', '2018-10-11 09:15:09', '1', 'Created Ticket T201810110049', 'U0008', 'ast.drive123@gmail.com,support@ast-global.co.id,jie.piranha@gmail.com,panjihadjarati@modernland.co.id');
INSERT INTO `tracking_email` VALUES ('244', 'T201810110049', '2018-10-11 09:26:29', '2', 'Approved Ticket T201810110049', 'U0014', 'ticketing.ast@modernland.co.id');
INSERT INTO `tracking_email` VALUES ('245', 'T201810110049', '2018-10-11 09:29:01', '4', 'Processing Ticket T201810110049', 'U0014', 'ticketing.ast@modernland.co.id');
INSERT INTO `tracking_email` VALUES ('246', 'T201810110049', '2018-10-11 11:00:23', '4', 'User Comment On Processing Ticket T201810110049', 'U0008', 'ast.drive123@gmail.com,support@ast-global.co.id,jie.piranha@gmail.com,panjihadjarati@modernland.co.id');
INSERT INTO `tracking_email` VALUES ('247', 'T201810110049', '2018-10-11 10:25:17', '4', 'Processing Ticket T201810110049', 'U0014', 'ticketing.ast@modernland.co.id');
INSERT INTO `tracking_email` VALUES ('248', 'T201810110049', '2018-10-11 13:03:07', '4', 'User Comment On Processing Ticket T201810110049', 'U0008', 'ast.drive123@gmail.com,support@ast-global.co.id,jie.piranha@gmail.com,panjihadjarati@modernland.co.id');
INSERT INTO `tracking_email` VALUES ('249', 'T201810110049', '2018-10-12 10:03:05', '5', 'Completed Ticket T201810110049', 'U0014', 'ticketing.ast@modernland.co.id');
INSERT INTO `tracking_email` VALUES ('250', 'T201810110049', '2018-10-12 11:29:30', '6', 'Solved Ticket T201810110049', 'U0008', 'ast.drive123@gmail.com,support@ast-global.co.id,panjihadjarati@modernland.co.id,jie.piranha@gmail.com');
INSERT INTO `tracking_email` VALUES ('251', 'T201809260039', '2018-10-12 14:55:51', '6', 'Reprocess Ticket T201809260039', 'U0014', 'ticketing.ast@modernland.co.id');
INSERT INTO `tracking_email` VALUES ('252', 'T201809260039', '2018-10-12 16:30:07', '5', 'Completed Ticket T201809260039', 'U0014', 'ticketing.ast@modernland.co.id');
INSERT INTO `tracking_email` VALUES ('253', 'T201809260039', '2018-10-15 14:03:35', '6', 'Solved Ticket T201809260039', 'U0008', 'ast.drive123@gmail.com,support@ast-global.co.id,panjihadjarati@modernland.co.id,jie.piranha@gmail.com');
INSERT INTO `tracking_email` VALUES ('254', 'T201809260039', '2018-10-15 14:03:35', '6', 'Solved Ticket T201809260039', 'U0008', 'ast.drive123@gmail.com,support@ast-global.co.id,panjihadjarati@modernland.co.id,jie.piranha@gmail.com');
INSERT INTO `tracking_email` VALUES ('255', 'T201810160050', '2018-10-16 13:43:57', '1', 'Created Ticket T201810160050', '', 'jie.piranha@gmail.com');
INSERT INTO `tracking_email` VALUES ('256', 'T201810160051', '2018-10-16 14:05:16', '1', 'Created Ticket T201810160051', 'U0008', 'ast.drive123@gmail.com,support@ast-global.co.id,jie.piranha@gmail.com,panjihadjarati@modernland.co.id');
INSERT INTO `tracking_email` VALUES ('257', 'T201810160051', '2018-10-16 14:20:35', '2', 'Approved Ticket T201810160051', 'U0014', 'ticketing.ast@modernland.co.id');
INSERT INTO `tracking_email` VALUES ('258', 'T201810160051', '2018-10-16 14:22:07', '5', 'Completed Ticket T201810160051', 'U0014', 'ticketing.ast@modernland.co.id');
INSERT INTO `tracking_email` VALUES ('259', 'T201810160051', '2018-10-16 15:34:47', '6', 'Solved Ticket T201810160051', 'U0008', 'ast.drive123@gmail.com,support@ast-global.co.id,panjihadjarati@modernland.co.id,jie.piranha@gmail.com');
INSERT INTO `tracking_email` VALUES ('260', 'T201810160052', '2018-10-16 16:06:36', '1', 'Created Ticket T201810160052', 'U0008', 'ast.drive123@gmail.com,support@ast-global.co.id,jie.piranha@gmail.com,panjihadjarati@modernland.co.id');
INSERT INTO `tracking_email` VALUES ('261', 'T201810160052', '2018-10-16 16:08:17', '2', 'Approved Ticket T201810160052', 'U0014', 'ticketing.ast@modernland.co.id');
INSERT INTO `tracking_email` VALUES ('262', 'T201810160052', '2018-10-16 16:10:38', '5', 'Completed Ticket T201810160052', 'U0014', 'ticketing.ast@modernland.co.id');
INSERT INTO `tracking_email` VALUES ('263', 'T201810160052', '2018-10-16 18:03:12', '6', 'Solved Ticket T201810160052', 'U0008', 'ast.drive123@gmail.com,support@ast-global.co.id,panjihadjarati@modernland.co.id,jie.piranha@gmail.com');
INSERT INTO `tracking_email` VALUES ('264', 'T201810160052', '2018-10-16 18:03:12', '6', 'Solved Ticket T201810160052', 'U0008', 'ast.drive123@gmail.com,support@ast-global.co.id,panjihadjarati@modernland.co.id,jie.piranha@gmail.com');
INSERT INTO `tracking_email` VALUES ('265', 'T201810010043', '2018-10-17 10:59:47', '5', 'Completed Ticket T201810010043', 'U0011', 'ticketing.ast@modernland.co.id');
INSERT INTO `tracking_email` VALUES ('266', 'T201810010043', '2018-10-18 11:51:41', '6', 'Solved Ticket T201810010043', 'U0006', 'ast.drive123@gmail.com,support@ast-global.co.id,jie.piranha@gmail.com,panjihadjarati@modernland.co.id');
INSERT INTO `tracking_email` VALUES ('267', 'T201807270018', '2018-10-18 11:53:42', '6', 'Complain Ticket T201807270018', 'U0006', 'ast.drive123@gmail.com,support@ast-global.co.id,jie.piranha@gmail.com,panjihadjarati@modernland.co.id');
INSERT INTO `tracking_email` VALUES ('268', 'T201808270027', '2018-10-18 12:01:43', '6', 'Solved Ticket T201808270027', 'U0007', 'ast.drive123@gmail.com,support@ast-global.co.id,jie.piranha@gmail.com,panjihadjarati@modernland.co.id');
INSERT INTO `tracking_email` VALUES ('269', 'T201810220053', '2018-10-22 16:36:43', '1', 'Created Ticket T201810220053', 'U0005', 'ast.drive123@gmail.com,support@ast-global.co.id,jie.piranha@gmail.com,panjihadjarati@modernland.co.id');
INSERT INTO `tracking_email` VALUES ('270', 'T201810240054', '2018-10-24 16:28:20', '1', 'Created Ticket T201810240054', 'U0008', 'ast.drive123@gmail.com,support@ast-global.co.id,jie.piranha@gmail.com,panjihadjarati@modernland.co.id');
INSERT INTO `tracking_email` VALUES ('271', 'T201810220053', '2018-10-25 10:59:25', '2', 'Approved Ticket T201810220053', 'U0011', 'ticketing.ast@modernland.co.id');
INSERT INTO `tracking_email` VALUES ('272', 'T201810240054', '2018-10-25 10:59:22', '2', 'Approved Ticket T201810240054', 'U0011', 'ticketing.ast@modernland.co.id');
INSERT INTO `tracking_email` VALUES ('273', 'T201810240054', '2018-10-25 10:59:36', '2', 'Approved Ticket T201810240054', 'U0011', 'ticketing.ast@modernland.co.id');
INSERT INTO `tracking_email` VALUES ('274', 'T201810240054', '2018-10-25 11:16:44', '5', 'Completed Ticket T201810240054', 'U0011', 'ticketing.ast@modernland.co.id');
INSERT INTO `tracking_email` VALUES ('275', 'T201810220053', '2018-10-25 11:26:35', '4', 'Processing Ticket T201810220053', 'U0011', 'ticketing.ast@modernland.co.id');
INSERT INTO `tracking_email` VALUES ('276', 'T201810240054', '2018-10-25 12:44:06', '6', 'Complain Ticket T201810240054', 'U0008', 'ast.drive123@gmail.com,support@ast-global.co.id,jie.piranha@gmail.com,panjihadjarati@modernland.co.id');
INSERT INTO `tracking_email` VALUES ('277', 'T201810240054', '2018-10-25 11:49:48', '6', 'Reprocess Ticket T201810240054', 'U0011', 'ticketing.ast@modernland.co.id');
INSERT INTO `tracking_email` VALUES ('278', 'T201807270018', '2018-10-25 11:49:50', '6', 'Reprocess Ticket T201807270018', 'U0011', 'ticketing.ast@modernland.co.id');
INSERT INTO `tracking_email` VALUES ('279', 'T201810240054', '2018-10-25 11:50:38', '5', 'Completed Ticket T201810240054', 'U0011', 'ticketing.ast@modernland.co.id');
INSERT INTO `tracking_email` VALUES ('280', 'T201810240054', '2018-10-29 10:12:41', '6', 'Solved Ticket T201810240054', 'U0008', 'ast.drive123@gmail.com,support@ast-global.co.id,jie.piranha@gmail.com,panjihadjarati@modernland.co.id');
INSERT INTO `tracking_email` VALUES ('281', 'T201810300055', '2018-10-30 17:40:41', '1', 'Created Ticket T201810300055', 'U0008', 'ast.drive123@gmail.com,support@ast-global.co.id,jie.piranha@gmail.com,panjihadjarati@modernland.co.id');
INSERT INTO `tracking_email` VALUES ('282', 'T201810300055', '2018-10-31 08:55:39', '2', 'Approved Ticket T201810300055', 'U0011', 'ticketing.ast@modernland.co.id');
INSERT INTO `tracking_email` VALUES ('283', 'T201810300055', '2018-10-31 08:58:47', '5', 'Completed Ticket T201810300055', 'U0011', 'ticketing.ast@modernland.co.id');
INSERT INTO `tracking_email` VALUES ('284', 'T201810300055', '2018-10-31 11:06:41', '6', 'Complain Ticket T201810300055', 'U0008', 'ast.drive123@gmail.com,support@ast-global.co.id,jie.piranha@gmail.com,panjihadjarati@modernland.co.id');
INSERT INTO `tracking_email` VALUES ('285', 'T201810300055', '2018-10-31 10:08:38', '6', 'Reprocess Ticket T201810300055', 'U0011', 'ticketing.ast@modernland.co.id');
INSERT INTO `tracking_email` VALUES ('286', 'T201810300055', '2018-10-31 10:09:18', '4', 'Processing Ticket T201810300055', 'U0011', 'ticketing.ast@modernland.co.id');
INSERT INTO `tracking_email` VALUES ('287', 'T201810310056', '2018-10-31 13:26:40', '1', 'Created Ticket T201810310056', 'U0006', 'ast.drive123@gmail.com,support@ast-global.co.id,jie.piranha@gmail.com,panjihadjarati@modernland.co.id');
INSERT INTO `tracking_email` VALUES ('288', 'T201810310056', '2018-10-31 13:36:54', '2', 'Approved Ticket T201810310056', 'U0014', 'ticketing.ast@modernland.co.id');
INSERT INTO `tracking_email` VALUES ('289', 'T201810310056', '2018-10-31 13:40:10', '5', 'Completed Ticket T201810310056', 'U0014', 'ticketing.ast@modernland.co.id');
INSERT INTO `tracking_email` VALUES ('290', 'T201810310056', '2018-10-31 15:06:54', '6', 'Solved Ticket T201810310056', 'U0006', 'ast.drive123@gmail.com,support@ast-global.co.id,panjihadjarati@modernland.co.id,jie.piranha@gmail.com');
INSERT INTO `tracking_email` VALUES ('291', 'T201811050057', '2018-11-05 17:21:53', '1', 'Created Ticket T201811050057', 'U0006', 'ast.drive123@gmail.com,support@ast-global.co.id,jie.piranha@gmail.com,panjihadjarati@modernland.co.id');
INSERT INTO `tracking_email` VALUES ('292', 'T201811050057', '2018-11-06 08:55:36', '2', 'Approved Ticket T201811050057', 'U0011', 'ticketing.ast@modernland.co.id');
INSERT INTO `tracking_email` VALUES ('293', 'T201811050057', '2018-11-06 08:56:39', '4', 'Processing Ticket T201811050057', 'U0011', 'ticketing.ast@modernland.co.id');
INSERT INTO `tracking_email` VALUES ('294', 'T201809190037', '2018-11-06 14:25:47', '5', 'Completed Ticket T201809190037', 'U0011', 'ticketing.ast@modernland.co.id');
INSERT INTO `tracking_email` VALUES ('295', 'T201809190037', '2018-11-06 15:33:56', '6', 'Solved Ticket T201809190037', 'U0003', 'ast.drive123@gmail.com,support@ast-global.co.id,jie.piranha@gmail.com,panjihadjarati@modernland.co.id');
INSERT INTO `tracking_email` VALUES ('296', 'T201810220053', '2018-11-06 14:52:36', '5', 'Completed Ticket T201810220053', 'U0011', 'ticketing.ast@modernland.co.id');
INSERT INTO `tracking_email` VALUES ('297', 'T201810080048', '2018-11-06 14:55:07', '5', 'Completed Ticket T201810080048', 'U0011', 'ticketing.ast@modernland.co.id');
INSERT INTO `tracking_email` VALUES ('298', 'T201810300055', '2018-11-06 14:59:09', '5', 'Completed Ticket T201810300055', 'U0011', 'ticketing.ast@modernland.co.id');
INSERT INTO `tracking_email` VALUES ('299', 'T201810300055', '2018-11-06 16:06:13', '6', 'Solved Ticket T201810300055', 'U0008', 'ast.drive123@gmail.com,support@ast-global.co.id,jie.piranha@gmail.com,panjihadjarati@modernland.co.id');
INSERT INTO `tracking_email` VALUES ('300', 'T201810080048', '2018-11-06 16:20:06', '6', 'Solved Ticket T201810080048', 'U0008', 'ast.drive123@gmail.com,support@ast-global.co.id,jie.piranha@gmail.com,panjihadjarati@modernland.co.id');
INSERT INTO `tracking_email` VALUES ('301', 'T201811050057', '2018-11-06 16:01:02', '5', 'Completed Ticket T201811050057', 'U0011', 'ticketing.ast@modernland.co.id');
INSERT INTO `tracking_email` VALUES ('302', 'T201811050057', '2018-11-07 10:51:16', '6', 'Complain Ticket T201811050057', 'U0006', 'ast.drive123@gmail.com,support@ast-global.co.id,jie.piranha@gmail.com,panjihadjarati@modernland.co.id');
INSERT INTO `tracking_email` VALUES ('303', 'T201811050057', '2018-11-07 13:03:33', '6', 'Reprocess Ticket T201811050057', 'U0011', 'ticketing.ast@modernland.co.id');
INSERT INTO `tracking_email` VALUES ('304', 'T201811050057', '2018-11-07 13:28:30', '5', 'Completed Ticket T201811050057', 'U0011', 'ticketing.ast@modernland.co.id');
INSERT INTO `tracking_email` VALUES ('305', 'T201811090058', '2018-11-09 10:01:50', '1', 'Created Ticket T201811090058', 'U0018', 'ast.drive123@gmail.com,support@ast-global.co.id,jie.piranha@gmail.com,panjihadjarati@modernland.co.id');
INSERT INTO `tracking_email` VALUES ('306', 'T201811050057', '2018-11-12 10:30:26', '6', 'Solved Ticket T201811050057', 'U0006', 'ast.drive123@gmail.com,support@ast-global.co.id,jie.piranha@gmail.com,panjihadjarati@modernland.co.id');
INSERT INTO `tracking_email` VALUES ('307', 'T201810220053', '2018-11-12 10:41:58', '6', 'Solved Ticket T201810220053', 'U0005', 'ast.drive123@gmail.com,support@ast-global.co.id,jie.piranha@gmail.com,panjihadjarati@modernland.co.id');
INSERT INTO `tracking_email` VALUES ('308', 'T201811120059', '2018-11-12 09:49:53', '1', 'Created Ticket T201811120059', 'U0006', 'ast.drive123@gmail.com,support@ast-global.co.id,jie.piranha@gmail.com,panjihadjarati@modernland.co.id');
INSERT INTO `tracking_email` VALUES ('309', 'T201811120059', '2018-11-12 10:48:24', '2', 'Approved Ticket T201811120059', 'U0014', 'ticketing.ast@modernland.co.id');
INSERT INTO `tracking_email` VALUES ('310', 'T201811120059', '2018-11-12 10:56:17', '5', 'Completed Ticket T201811120059', 'U0014', 'ticketing.ast@modernland.co.id');
INSERT INTO `tracking_email` VALUES ('311', 'T201811120059', '2018-11-12 15:20:22', '6', 'Complain Ticket T201811120059', 'U0006', 'ast.drive123@gmail.com,support@ast-global.co.id,panjihadjarati@modernland.co.id,jie.piranha@gmail.com');
INSERT INTO `tracking_email` VALUES ('312', 'T201811120060', '2018-11-12 14:26:15', '1', 'Created Ticket T201811120060', 'U0006', 'ast.drive123@gmail.com,support@ast-global.co.id,jie.piranha@gmail.com,panjihadjarati@modernland.co.id');
INSERT INTO `tracking_email` VALUES ('313', 'T201811120060', '2018-11-12 16:25:05', '2', 'Approved Ticket T201811120060', 'U0011', 'ticketing.ast@modernland.co.id');
INSERT INTO `tracking_email` VALUES ('314', 'T201811120059', '2018-11-13 09:01:19', '6', 'Reprocess Ticket T201811120059', 'U0014', 'ticketing.ast@modernland.co.id');
INSERT INTO `tracking_email` VALUES ('315', 'T201811120059', '2018-11-13 09:12:39', '5', 'Completed Ticket T201811120059', 'U0014', 'ticketing.ast@modernland.co.id');
INSERT INTO `tracking_email` VALUES ('316', 'T201811120059', '2018-11-13 10:54:18', '6', 'Solved Ticket T201811120059', 'U0006', 'ast.drive123@gmail.com,support@ast-global.co.id,panjihadjarati@modernland.co.id,jie.piranha@gmail.com');
INSERT INTO `tracking_email` VALUES ('317', 'T201811120060', '2018-11-13 11:03:24', '5', 'Completed Ticket T201811120060', 'U0011', 'ticketing.ast@modernland.co.id');
INSERT INTO `tracking_email` VALUES ('318', 'T201811090058', '2018-11-13 11:04:41', '2', 'Approved Ticket T201811090058', 'U0014', 'ticketing.ast@modernland.co.id');
INSERT INTO `tracking_email` VALUES ('319', 'T201811090058', '2018-11-13 11:05:59', '5', 'Completed Ticket T201811090058', 'U0014', 'ticketing.ast@modernland.co.id');
INSERT INTO `tracking_email` VALUES ('320', 'T201811140061', '2018-11-14 16:25:59', '1', 'Created Ticket T201811140061', 'U0006', 'ast.drive123@gmail.com,support@ast-global.co.id,jie.piranha@gmail.com,panjihadjarati@modernland.co.id');
INSERT INTO `tracking_email` VALUES ('321', 'T201811140061', '2018-11-14 16:30:58', '2', 'Approved Ticket T201811140061', 'U0014', 'ticketing.ast@modernland.co.id');
INSERT INTO `tracking_email` VALUES ('322', 'T201811140061', '2018-11-14 17:13:03', '5', 'Completed Ticket T201811140061', 'U0014', 'ticketing.ast@modernland.co.id');
INSERT INTO `tracking_email` VALUES ('323', 'T201811090058', '2018-11-15 09:32:22', '6', 'Complain Ticket T201811090058', 'U0018', 'ast.drive123@gmail.com,support@ast-global.co.id,panjihadjarati@modernland.co.id,jie.piranha@gmail.com');
INSERT INTO `tracking_email` VALUES ('324', 'T201811140061', '2018-11-15 10:02:41', '6', 'Complain Ticket T201811140061', 'U0006', 'ast.drive123@gmail.com,support@ast-global.co.id,panjihadjarati@modernland.co.id,jie.piranha@gmail.com');
INSERT INTO `tracking_email` VALUES ('325', 'T201811120060', '2018-11-15 12:05:49', '6', 'Complain Ticket T201811120060', 'U0006', 'ast.drive123@gmail.com,support@ast-global.co.id,jie.piranha@gmail.com,panjihadjarati@modernland.co.id');
INSERT INTO `tracking_email` VALUES ('326', 'T201811140061', '2018-11-16 09:14:23', '6', 'Reprocess Ticket T201811140061', 'U0014', 'ticketing.ast@modernland.co.id');
INSERT INTO `tracking_email` VALUES ('327', 'T201811140061', '2018-11-16 09:20:34', '4', 'Processing Ticket T201811140061', 'U0014', 'ticketing.ast@modernland.co.id');
INSERT INTO `tracking_email` VALUES ('328', 'T201811120060', '2018-11-16 15:24:29', '6', 'Reprocess Ticket T201811120060', 'U0011', 'ticketing.ast@modernland.co.id');
INSERT INTO `tracking_email` VALUES ('329', 'T201811120060', '2018-11-21 14:35:12', '4', 'Processing Ticket T201811120060', 'U0011', 'ticketing.ast@modernland.co.id');
INSERT INTO `tracking_email` VALUES ('330', 'T201811120060', '2018-11-21 16:07:36', '6', 'Solved Ticket T201811120060', 'U0006', 'ast.drive123@gmail.com,support@ast-global.co.id,jie.piranha@gmail.com,panjihadjarati@modernland.co.id');
INSERT INTO `tracking_email` VALUES ('331', 'T201807270018', '2018-11-21 15:35:49', '5', 'Completed Ticket T201807270018', 'U0011', 'ticketing.ast@modernland.co.id');
INSERT INTO `tracking_email` VALUES ('332', 'T201811140061', '2018-11-21 15:38:39', '4', 'Processing Ticket T201811140061', 'U0014', 'ticketing.ast@modernland.co.id');
INSERT INTO `tracking_email` VALUES ('333', 'T201807270018', '2018-11-21 16:42:44', '6', 'Complain Ticket T201807270018', 'U0006', 'ast.drive123@gmail.com,support@ast-global.co.id,jie.piranha@gmail.com,panjihadjarati@modernland.co.id');
INSERT INTO `tracking_email` VALUES ('334', 'T201811140061', '2018-11-21 16:44:11', '6', 'Complain Ticket T201811140061', 'U0006', 'ast.drive123@gmail.com,support@ast-global.co.id,panjihadjarati@modernland.co.id,jie.piranha@gmail.com');
INSERT INTO `tracking_email` VALUES ('335', 'T201811140061', '2018-11-21 15:57:53', '6', 'Reprocess Ticket T201811140061', 'U0014', 'ticketing.ast@modernland.co.id');
INSERT INTO `tracking_email` VALUES ('336', 'T201807270018', '2018-11-21 16:18:23', '6', 'Reprocess Ticket T201807270018', 'U0011', 'ticketing.ast@modernland.co.id');
INSERT INTO `tracking_email` VALUES ('337', 'T201811140061', '2018-11-21 16:31:13', '4', 'Processing Ticket T201811140061', 'U0014', 'ticketing.ast@modernland.co.id');
INSERT INTO `tracking_email` VALUES ('338', 'T201807270018', '2018-11-21 16:36:28', '4', 'Processing Ticket T201807270018', 'U0011', 'ticketing.ast@modernland.co.id');
INSERT INTO `tracking_email` VALUES ('339', 'T201807270018', '2018-11-21 17:43:24', '6', 'Solved Ticket T201807270018', 'U0006', 'ast.drive123@gmail.com,support@ast-global.co.id,jie.piranha@gmail.com,panjihadjarati@modernland.co.id');
INSERT INTO `tracking_email` VALUES ('340', 'T201811140061', '2018-11-21 17:43:34', '6', 'Solved Ticket T201811140061', 'U0006', 'ast.drive123@gmail.com,support@ast-global.co.id,panjihadjarati@modernland.co.id,jie.piranha@gmail.com');
INSERT INTO `tracking_email` VALUES ('341', 'T201811230062', '2018-11-23 09:17:42', '1', 'Created Ticket T201811230062', 'U0006', 'ast.drive123@gmail.com,support@ast-global.co.id,jie.piranha@gmail.com,panjihadjarati@modernland.co.id');
INSERT INTO `tracking_email` VALUES ('342', 'T201811230062', '2018-11-23 10:18:51', '2', 'Approved Ticket T201811230062', 'U0014', 'ticketing.ast@modernland.co.id');
INSERT INTO `tracking_email` VALUES ('343', 'T201811230062', '2018-11-23 10:30:11', '5', 'Completed Ticket T201811230062', 'U0014', 'ticketing.ast@modernland.co.id');
INSERT INTO `tracking_email` VALUES ('344', 'T201811260063', '2018-11-26 16:29:57', '1', 'Created Ticket T201811260063', 'U0008', 'ast.drive123@gmail.com,support@ast-global.co.id,jie.piranha@gmail.com,panjihadjarati@modernland.co.id');
INSERT INTO `tracking_email` VALUES ('345', 'T201811260063', '2018-11-26 16:44:29', '2', 'Approved Ticket T201811260063', 'U0011', 'ticketing.ast@modernland.co.id');
INSERT INTO `tracking_email` VALUES ('346', 'T201811260063', '2018-11-26 16:44:34', '2', 'Approved Ticket T201811260063', 'U0011', 'ticketing.ast@modernland.co.id');
INSERT INTO `tracking_email` VALUES ('347', 'T201811260063', '2018-11-26 16:44:36', '2', 'Approved Ticket T201811260063', 'U0011', 'ticketing.ast@modernland.co.id');
INSERT INTO `tracking_email` VALUES ('348', 'T201811260063', '2018-11-26 16:44:36', '2', 'Approved Ticket T201811260063', 'U0011', 'ticketing.ast@modernland.co.id');
INSERT INTO `tracking_email` VALUES ('349', 'T201811260063', '2018-11-26 16:44:36', '2', 'Approved Ticket T201811260063', 'U0011', 'ticketing.ast@modernland.co.id');
INSERT INTO `tracking_email` VALUES ('350', 'T201811260063', '2018-11-26 16:44:37', '2', 'Approved Ticket T201811260063', 'U0011', 'ticketing.ast@modernland.co.id');
INSERT INTO `tracking_email` VALUES ('351', 'T201811260063', '2018-11-26 16:44:37', '2', 'Approved Ticket T201811260063', 'U0011', 'ticketing.ast@modernland.co.id');
INSERT INTO `tracking_email` VALUES ('352', 'T201811260063', '2018-11-26 17:07:59', '4', 'Processing Ticket T201811260063', 'U0011', 'ticketing.ast@modernland.co.id');
INSERT INTO `tracking_email` VALUES ('353', 'T201811260063', '2018-11-27 09:46:08', '6', 'Complain Ticket T201811260063', 'U0008', 'ast.drive123@gmail.com,support@ast-global.co.id,jie.piranha@gmail.com,panjihadjarati@modernland.co.id');
INSERT INTO `tracking_email` VALUES ('354', 'T201811260063', '2018-11-28 09:44:59', '6', 'Reprocess Ticket T201811260063', 'U0011', 'ticketing.ast@modernland.co.id');
INSERT INTO `tracking_email` VALUES ('355', 'T201811260063', '2018-11-28 09:47:46', '4', 'Processing Ticket T201811260063', 'U0011', 'ticketing.ast@modernland.co.id');
INSERT INTO `tracking_email` VALUES ('356', 'T201812040064', '2018-12-04 14:05:36', '1', 'Created Ticket T201812040064', 'U0006', 'ast.drive123@gmail.com,support@ast-global.co.id,jie.piranha@gmail.com,panjihadjarati@modernland.co.id');
INSERT INTO `tracking_email` VALUES ('357', 'T201812040064', '2018-12-04 14:41:57', '2', 'Approved Ticket T201812040064', 'U0011', 'ticketing.ast@modernland.co.id');
INSERT INTO `tracking_email` VALUES ('358', 'T201812040064', '2018-12-04 14:47:31', '5', 'Completed Ticket T201812040064', 'U0011', 'ticketing.ast@modernland.co.id');
INSERT INTO `tracking_email` VALUES ('359', 'T201812040064', '2018-12-04 16:29:18', '6', 'Solved Ticket T201812040064', 'U0006', 'ast.drive123@gmail.com,support@ast-global.co.id,jie.piranha@gmail.com,panjihadjarati@modernland.co.id');
INSERT INTO `tracking_email` VALUES ('360', 'T201812110065', '2018-12-11 10:38:45', '1', 'Created Ticket T201812110065', 'U0006', 'ast.drive123@gmail.com,support@ast-global.co.id,jie.piranha@gmail.com,panjihadjarati@modernland.co.id');
INSERT INTO `tracking_email` VALUES ('361', 'T201811230062', '2018-12-11 11:39:15', '6', 'Solved Ticket T201811230062', 'U0006', 'ast.drive123@gmail.com,support@ast-global.co.id,panjihadjarati@modernland.co.id,jie.piranha@gmail.com');
INSERT INTO `tracking_email` VALUES ('362', 'T201812110065', '2018-12-11 14:19:56', '2', 'Approved Ticket T201812110065', 'U0011', 'ticketing.ast@modernland.co.id');
INSERT INTO `tracking_email` VALUES ('363', 'T201812110065', '2018-12-11 14:21:31', '4', 'Processing Ticket T201812110065', 'U0011', 'ticketing.ast@modernland.co.id');
INSERT INTO `tracking_email` VALUES ('364', 'T201812110065', '2018-12-11 16:11:32', '6', 'Complain Ticket T201812110065', 'U0006', 'ast.drive123@gmail.com,support@ast-global.co.id,jie.piranha@gmail.com,panjihadjarati@modernland.co.id');
INSERT INTO `tracking_email` VALUES ('365', 'T201812110065', '2018-12-11 16:04:10', '6', 'Reprocess Ticket T201812110065', 'U0011', 'ticketing.ast@modernland.co.id');
INSERT INTO `tracking_email` VALUES ('366', 'T201812110065', '2018-12-11 16:06:03', '4', 'Processing Ticket T201812110065', 'U0011', 'ticketing.ast@modernland.co.id');
INSERT INTO `tracking_email` VALUES ('367', 'T201811260063', '2018-12-14 15:14:00', '6', 'Solved Ticket T201811260063', 'U0008', 'ast.drive123@gmail.com,support@ast-global.co.id,jie.piranha@gmail.com,panjihadjarati@modernland.co.id');
INSERT INTO `tracking_email` VALUES ('368', 'T201812140066', '2018-12-14 14:17:14', '1', 'Created Ticket T201812140066', 'U0008', 'ast.drive123@gmail.com,support@ast-global.co.id,jie.piranha@gmail.com,panjihadjarati@modernland.co.id');
INSERT INTO `tracking_email` VALUES ('372', 'T201812140066', '2018-12-14 14:58:22', '2', 'Approved Ticket T201812140066', 'U0011', 'ticketing.ast@modernland.co.id');
INSERT INTO `tracking_email` VALUES ('373', 'T201812140066', '2018-12-14 15:34:17', '4', 'Processing Ticket T201812140066', 'U0011', 'ticketing.ast@modernland.co.id');
INSERT INTO `tracking_email` VALUES ('374', 'T201812140066', '2018-12-14 17:20:10', '6', 'Complain Ticket T201812140066', 'U0008', 'ast.drive123@gmail.com,support@ast-global.co.id,jie.piranha@gmail.com,panjihadjarati@modernland.co.id');
INSERT INTO `tracking_email` VALUES ('375', 'T201812140066', '2018-12-14 16:22:57', '6', 'Reprocess Ticket T201812140066', 'U0011', 'ticketing.ast@modernland.co.id');
INSERT INTO `tracking_email` VALUES ('376', 'T201812140066', '2018-12-14 16:27:04', '4', 'Processing Ticket T201812140066', 'U0011', 'ticketing.ast@modernland.co.id');
INSERT INTO `tracking_email` VALUES ('377', 'T201812140066', '2018-12-18 10:05:22', '6', 'Solved Ticket T201812140066', 'U0008', 'ast.drive123@gmail.com,support@ast-global.co.id,jie.piranha@gmail.com,panjihadjarati@modernland.co.id');
INSERT INTO `tracking_email` VALUES ('378', 'T201812190067', '2018-12-19 14:57:32', '1', 'Created Ticket T201812190067', 'U0017', 'ast.drive123@gmail.com,support@ast-global.co.id,jie.piranha@gmail.com,panjihadjarati@modernland.co.id');
INSERT INTO `tracking_email` VALUES ('379', 'T201812190068', '2018-12-19 16:26:45', '1', 'Created Ticket T201812190068', 'U0008', 'ast.drive123@gmail.com,support@ast-global.co.id,jie.piranha@gmail.com,panjihadjarati@modernland.co.id');
INSERT INTO `tracking_email` VALUES ('380', 'T201812190067', '2018-12-19 18:10:32', '2', 'Approved Ticket T201812190067', 'U0014', 'ticketing.ast@modernland.co.id');
INSERT INTO `tracking_email` VALUES ('381', 'T201812190068', '2018-12-19 18:11:21', '2', 'Approved Ticket T201812190068', 'U0014', 'ticketing.ast@modernland.co.id');
INSERT INTO `tracking_email` VALUES ('382', 'T201812190067', '2018-12-27 15:11:39', '4', 'Processing Ticket T201812190067', 'U0014', 'ticketing.ast@modernland.co.id');
INSERT INTO `tracking_email` VALUES ('383', 'T201812190068', '2018-12-27 15:23:14', '5', 'Completed Ticket T201812190068', 'U0014', 'ticketing.ast@modernland.co.id');
INSERT INTO `tracking_email` VALUES ('384', 'T201812190068', '2018-12-27 16:38:08', '6', 'Solved Ticket T201812190068', 'U0008', 'ast.drive123@gmail.com,support@ast-global.co.id,panjihadjarati@modernland.co.id,jie.piranha@gmail.com');
INSERT INTO `tracking_email` VALUES ('385', 'T201812190067', '2018-12-27 17:47:57', '6', 'Solved Ticket T201812190067', 'U0017', 'ast.drive123@gmail.com,support@ast-global.co.id,panjihadjarati@modernland.co.id,jie.piranha@gmail.com');
INSERT INTO `tracking_email` VALUES ('386', 'T201812280069', '2018-12-28 14:15:13', '1', 'Created Ticket T201812280069', 'U0008', 'ast.drive123@gmail.com,support@ast-global.co.id,jie.piranha@gmail.com,panjihadjarati@modernland.co.id');
INSERT INTO `tracking_email` VALUES ('387', 'T201812280069', '2018-12-28 14:26:21', '2', 'Approved Ticket T201812280069', 'U0014', 'ticketing.ast@modernland.co.id');
INSERT INTO `tracking_email` VALUES ('388', 'T201812280069', '2018-12-28 14:27:54', '5', 'Completed Ticket T201812280069', 'U0014', 'ticketing.ast@modernland.co.id');
INSERT INTO `tracking_email` VALUES ('389', 'T201812280069', '2018-12-28 15:53:57', '8', 'Confirm New Ticket T201812280069', 'U0008', 'ast.drive123@gmail.com,support@ast-global.co.id,jie.piranha@gmail.com,panjihadjarati@modernland.co.id');
INSERT INTO `tracking_email` VALUES ('390', 'T201901020070', '2019-01-02 11:10:47', '1', 'Created Ticket T201901020070', 'U0005', 'ast.drive123@gmail.com,support@ast-global.co.id,jie.piranha@gmail.com,panjihadjarati@modernland.co.id');
INSERT INTO `tracking_email` VALUES ('391', 'T201812280069', '2019-01-02 15:05:51', '6', 'Complain Ticket T201812280069', 'U0008', 'ast.drive123@gmail.com,support@ast-global.co.id,panjihadjarati@modernland.co.id,jie.piranha@gmail.com');
INSERT INTO `tracking_email` VALUES ('392', 'T201901030071', '2019-01-03 15:34:35', '1', 'Created Ticket T201901030071', 'U0008', 'ast.drive123@gmail.com,support@ast-global.co.id,jie.piranha@gmail.com,panjihadjarati@modernland.co.id');
INSERT INTO `tracking_email` VALUES ('393', 'T201901030071', '2019-01-04 08:46:42', '2', 'Approved Ticket T201901030071', 'U0014', 'ticketing.ast@modernland.co.id');
INSERT INTO `tracking_email` VALUES ('394', 'T201812280069', '2019-01-04 08:53:12', '6', 'Reprocess Ticket T201812280069', 'U0014', 'ticketing.ast@modernland.co.id');
INSERT INTO `tracking_email` VALUES ('395', 'T201812280069', '2019-01-04 08:54:27', '4', 'Processing Ticket T201812280069', 'U0014', 'ticketing.ast@modernland.co.id');
INSERT INTO `tracking_email` VALUES ('396', 'T201901030071', '2019-01-04 08:56:15', '4', 'Processing Ticket T201901030071', 'U0014', 'ticketing.ast@modernland.co.id');
INSERT INTO `tracking_email` VALUES ('397', 'T201812110065', '2019-01-04 10:19:39', '6', 'Solved Ticket T201812110065', 'U0006', 'ast.drive123@gmail.com,support@ast-global.co.id,jie.piranha@gmail.com,panjihadjarati@modernland.co.id');
INSERT INTO `tracking_email` VALUES ('398', 'T201901030071', '2019-01-04 10:33:09', '6', 'Complain Ticket T201901030071', 'U0008', 'ast.drive123@gmail.com,support@ast-global.co.id,panjihadjarati@modernland.co.id,jie.piranha@gmail.com');
INSERT INTO `tracking_email` VALUES ('399', 'T201901030071', '2019-01-04 10:26:40', '6', 'Reprocess Ticket T201901030071', 'U0014', 'ticketing.ast@modernland.co.id');
INSERT INTO `tracking_email` VALUES ('400', 'T201901030071', '2019-01-04 10:30:06', '4', 'Processing Ticket T201901030071', 'U0014', 'ticketing.ast@modernland.co.id');
INSERT INTO `tracking_email` VALUES ('401', 'T201901020070', '2019-01-04 10:49:27', '2', 'Approved Ticket T201901020070', 'U0014', 'ticketing.ast@modernland.co.id');
INSERT INTO `tracking_email` VALUES ('402', 'T201901020070', '2019-01-04 10:50:00', '4', 'Processing Ticket T201901020070', 'U0014', 'ticketing.ast@modernland.co.id');
INSERT INTO `tracking_email` VALUES ('403', 'T201901030071', '2019-01-04 14:13:28', '6', 'Solved Ticket T201901030071', 'U0008', 'ast.drive123@gmail.com,support@ast-global.co.id,panjihadjarati@modernland.co.id,jie.piranha@gmail.com');
INSERT INTO `tracking_email` VALUES ('404', 'T201812280069', '2019-01-07 16:11:22', '6', 'Solved Ticket T201812280069', 'U0008', 'ast.drive123@gmail.com,support@ast-global.co.id,panjihadjarati@modernland.co.id,jie.piranha@gmail.com');
INSERT INTO `tracking_email` VALUES ('405', 'T201901080072', '2019-01-08 13:11:19', '1', 'Created Ticket T201901080072', 'U0008', 'ast.drive123@gmail.com,support@ast-global.co.id,jie.piranha@gmail.com,panjihadjarati@modernland.co.id');
INSERT INTO `tracking_email` VALUES ('406', 'T201901080072', '2019-01-08 13:18:05', '2', 'Approved Ticket T201901080072', 'U0014', 'ticketing.ast@modernland.co.id');
INSERT INTO `tracking_email` VALUES ('407', 'T201901080072', '2019-01-08 13:18:52', '4', 'Processing Ticket T201901080072', 'U0014', 'ticketing.ast@modernland.co.id');
INSERT INTO `tracking_email` VALUES ('408', 'T201901080072', '2019-01-08 14:27:32', '8', 'Confirm New Ticket T201901080072', 'U0008', 'ast.drive123@gmail.com,support@ast-global.co.id,jie.piranha@gmail.com,panjihadjarati@modernland.co.id');
INSERT INTO `tracking_email` VALUES ('409', 'T201901080072', '2019-01-08 14:28:51', '6', 'Complain Ticket T201901080072', 'U0008', 'ast.drive123@gmail.com,support@ast-global.co.id,panjihadjarati@modernland.co.id,jie.piranha@gmail.com');
INSERT INTO `tracking_email` VALUES ('410', 'T201901080072', '2019-01-08 13:29:10', '6', 'Reprocess Ticket T201901080072', 'U0014', 'ticketing.ast@modernland.co.id');
INSERT INTO `tracking_email` VALUES ('411', 'T201901080073', '2019-01-08 17:38:02', '1', 'Created Ticket T201901080073', 'U0008', 'ast.drive123@gmail.com,support@ast-global.co.id,jie.piranha@gmail.com,panjihadjarati@modernland.co.id');
INSERT INTO `tracking_email` VALUES ('412', 'T201901080073', '2019-01-09 09:20:13', '2', 'Approved Ticket T201901080073', 'U0014', 'ticketing.ast@modernland.co.id');
INSERT INTO `tracking_email` VALUES ('413', 'T201901080073', '2019-01-09 09:21:28', '4', 'Processing Ticket T201901080073', 'U0014', 'ticketing.ast@modernland.co.id');
INSERT INTO `tracking_email` VALUES ('414', 'T201901080072', '2019-01-09 17:05:06', '5', 'Completed Ticket T201901080072', 'U0014', 'ticketing.ast@modernland.co.id');
INSERT INTO `tracking_email` VALUES ('415', 'T201901080072', '2019-01-10 10:03:39', '6', 'Solved Ticket T201901080072', 'U0008', 'ast.drive123@gmail.com,support@ast-global.co.id,panjihadjarati@modernland.co.id,jie.piranha@gmail.com');
INSERT INTO `tracking_email` VALUES ('416', 'T201901020070', '2019-01-10 14:58:38', '6', 'Solved Ticket T201901020070', 'U0005', 'ast.drive123@gmail.com,support@ast-global.co.id,panjihadjarati@modernland.co.id,jie.piranha@gmail.com');
INSERT INTO `tracking_email` VALUES ('417', 'T201901020070', '2019-01-10 15:03:57', '6', 'Complain Ticket T201901020070', 'U0005', 'ast.drive123@gmail.com,support@ast-global.co.id,panjihadjarati@modernland.co.id,jie.piranha@gmail.com');
INSERT INTO `tracking_email` VALUES ('418', 'T201901020070', '2019-01-10 14:18:11', '6', 'Reprocess Ticket T201901020070', 'U0014', 'ticketing.ast@modernland.co.id');
INSERT INTO `tracking_email` VALUES ('419', 'T201901100074', '2019-01-10 14:42:38', '1', 'Created Ticket T201901100074', 'U0006', 'ast.drive123@gmail.com,support@ast-global.co.id,jie.piranha@gmail.com,panjihadjarati@modernland.co.id');
INSERT INTO `tracking_email` VALUES ('420', 'T201901100074', '2019-01-10 16:47:41', '2', 'Approved Ticket T201901100074', 'U0014', 'ticketing.ast@modernland.co.id');
INSERT INTO `tracking_email` VALUES ('421', 'T201901080073', '2019-01-11 09:50:45', '6', 'Solved Ticket T201901080073', 'U0008', 'ast.drive123@gmail.com,support@ast-global.co.id,panjihadjarati@modernland.co.id,jie.piranha@gmail.com');
INSERT INTO `tracking_email` VALUES ('422', 'T201901110075', '2019-01-11 15:32:26', '1', 'Created Ticket T201901110075', 'U0005', 'ast.drive123@gmail.com,support@ast-global.co.id,jie.piranha@gmail.com,panjihadjarati@modernland.co.id');
INSERT INTO `tracking_email` VALUES ('423', 'T201901100074', '2019-01-14 09:30:10', '5', 'Completed Ticket T201901100074', 'U0014', 'ticketing.ast@modernland.co.id');
INSERT INTO `tracking_email` VALUES ('424', 'T201901100074', '2019-01-15 10:02:25', '6', 'Solved Ticket T201901100074', 'U0006', 'ast.drive123@gmail.com,support@ast-global.co.id,panjihadjarati@modernland.co.id,jie.piranha@gmail.com');
INSERT INTO `tracking_email` VALUES ('431', 'T201901160077', '2019-01-16 13:13:56', '1', 'Created Ticket T201901160077', 'U0006', 'ast.drive123@gmail.com,support@ast-global.co.id,jie.piranha@gmail.com,panjihadjarati@modernland.co.id');
INSERT INTO `tracking_email` VALUES ('432', 'T201901110075', '2019-01-16 13:17:27', '2', 'Approved Ticket T201901110075', 'U0011', 'ticketing.ast@modernland.co.id');
INSERT INTO `tracking_email` VALUES ('433', 'T201901160077', '2019-01-16 13:17:46', '2', 'Approved Ticket T201901160077', 'U0011', 'ticketing.ast@modernland.co.id');
INSERT INTO `tracking_email` VALUES ('438', 'T201901160077', '2019-01-16 13:50:47', '2', 'Approved Ticket T201901160077', 'U0014', 'ticketing.ast@modernland.co.id');
INSERT INTO `tracking_email` VALUES ('442', 'T201901160077', '2019-01-16 15:06:46', '5', 'Completed Ticket T201901160077', 'U0014', 'ticketing.ast@modernland.co.id');
INSERT INTO `tracking_email` VALUES ('443', 'T201901160079', '2019-01-16 15:36:41', '1', 'Created Ticket T201901160079', 'U0008', 'ast.drive123@gmail.com,support@ast-global.co.id,jie.piranha@gmail.com,panjihadjarati@modernland.co.id');
INSERT INTO `tracking_email` VALUES ('453', 'T201901160079', '2019-01-17 09:27:05', '2', 'Approved Ticket T201901160079', 'U0014', 'ticketing.ast@modernland.co.id');
INSERT INTO `tracking_email` VALUES ('454', 'T201901160079', '2019-01-17 16:47:55', '4', 'Processing Ticket T201901160079', 'U0014', 'ticketing.ast@modernland.co.id');
INSERT INTO `tracking_email` VALUES ('455', 'T201901180080', '2019-01-18 11:58:46', '1', 'Created Ticket T201901180080', 'U0006', 'ast.drive123@gmail.com,support@ast-global.co.id,jie.piranha@gmail.com,panjihadjarati@modernland.co.id');
INSERT INTO `tracking_email` VALUES ('456', 'T201901180080', '2019-01-18 14:13:33', '2', 'Approved Ticket T201901180080', 'U0014', 'ticketing.ast@modernland.co.id');
INSERT INTO `tracking_email` VALUES ('457', 'T201901180080', '2019-01-18 14:14:45', '4', 'Processing Ticket T201901180080', 'U0014', 'ticketing.ast@modernland.co.id');
INSERT INTO `tracking_email` VALUES ('459', 'T201901220081', '2019-01-22 09:47:00', '1', 'Created Ticket T201901220081', 'U0008', 'jie.piranha@gmail.com');
INSERT INTO `tracking_email` VALUES ('460', 'T201901220082', '2019-01-22 10:15:39', '1', 'Created Ticket T201901220082', 'U0008', 'jie.piranha@gmail.com');
INSERT INTO `tracking_email` VALUES ('461', 'T201901220083', '2019-01-22 16:38:34', '1', 'Created Ticket T201901220083', 'U0019', 'jie.piranha@gmail.com');
INSERT INTO `tracking_email` VALUES ('463', 'T201901220082', '2019-01-23 14:02:46', '2', 'Approved Ticket T201901220082', 'U0014', 'ticketing.ast@modernland.co.id');
INSERT INTO `tracking_email` VALUES ('464', 'T201901220081', '2019-01-23 14:30:14', '2', 'Approved Ticket T201901220081', 'U0014', 'ticketing.ast@modernland.co.id');
INSERT INTO `tracking_email` VALUES ('465', 'T201901220081', '2019-01-23 14:31:46', '4', 'Processing Ticket T201901220081', 'U0014', 'ticketing.ast@modernland.co.id');
INSERT INTO `tracking_email` VALUES ('466', 'T201901220082', '2019-01-23 14:45:53', '5', 'Completed Ticket T201901220082', 'U0014', 'ticketing.ast@modernland.co.id');
INSERT INTO `tracking_email` VALUES ('467', 'T201901220082', '2019-01-23 17:02:18', '6', 'Solved Ticket T201901220082', 'U0008', 'ast.drive123@gmail.com,support@ast-global.co.id,panjihadjarati@modernland.co.id,jie.piranha@gmail.com');
INSERT INTO `tracking_email` VALUES ('468', 'T201901160079', '2019-01-25 09:36:10', '5', 'Completed Ticket T201901160079', 'U0014', 'ticketing.ast@modernland.co.id');
INSERT INTO `tracking_email` VALUES ('469', 'T201901220081', '2019-01-25 09:36:23', '5', 'Completed Ticket T201901220081', 'U0014', 'ticketing.ast@modernland.co.id');
INSERT INTO `tracking_email` VALUES ('470', 'T201901160079', '2019-01-25 10:36:36', '6', 'Solved Ticket T201901160079', 'U0008', 'ast.drive123@gmail.com,support@ast-global.co.id,panjihadjarati@modernland.co.id,jie.piranha@gmail.com');
INSERT INTO `tracking_email` VALUES ('471', 'T201901220081', '2019-01-25 10:36:39', '6', 'Solved Ticket T201901220081', 'U0008', 'ast.drive123@gmail.com,support@ast-global.co.id,panjihadjarati@modernland.co.id,jie.piranha@gmail.com');
INSERT INTO `tracking_email` VALUES ('472', 'T201901250083', '2019-01-25 16:11:00', '1', 'Created Ticket T201901250083', 'U0008', 'jie.piranha@gmail.com');
INSERT INTO `tracking_email` VALUES ('475', 'T201901160077', '2019-01-31 14:12:10', '6', 'Solved Ticket T201901160077', 'U0006', 'ast.drive123@gmail.com,support@ast-global.co.id,panjihadjarati@modernland.co.id,jie.piranha@gmail.com');
INSERT INTO `tracking_email` VALUES ('490', 'T201902070085', '2019-02-07 14:51:32', '1', 'Created Ticket T201902070085', 'U0002', 'jie.piranha@gmail.com');
INSERT INTO `tracking_email` VALUES ('518', 'T201902110086', '2019-02-11 14:39:10', '1', 'Created Ticket T201902110086', 'U0002', 'jie.piranha@gmail.com');
INSERT INTO `tracking_email` VALUES ('519', 'T201902110086', '2019-02-11 14:43:55', '2', 'Approved Ticket T201902110086', 'U0019', 'panjihadjarati@modernland.co.id');
INSERT INTO `tracking_email` VALUES ('520', 'T201902110086', '2019-02-11 14:53:05', '5', 'Completed Ticket T201902110086', 'U0019', 'panjihadjarati@modernland.co.id');
INSERT INTO `tracking_email` VALUES ('521', 'T201902110086', '2019-02-11 16:13:11', '6', 'Solved Ticket T201902110086', 'U0002', 'jie.piranha@gmail.com');
INSERT INTO `tracking_email` VALUES ('522', 'T201902190087', '2019-02-19 10:22:16', '1', 'Created Ticket T201902190087', 'U0002', 'jie.piranha@gmail.com');

-- ----------------------------
-- Table structure for user
-- ----------------------------
DROP TABLE IF EXISTS `user`;
CREATE TABLE `user` (
  `id_user` varchar(11) NOT NULL,
  `nama` varchar(35) NOT NULL,
  `alamat` text NOT NULL,
  `email` text NOT NULL,
  `username` varchar(20) NOT NULL,
  `password` varchar(32) NOT NULL,
  `level` varchar(10) NOT NULL,
  `vendor` text,
  PRIMARY KEY (`id_user`) USING BTREE
) ENGINE=InnoDB DEFAULT CHARSET=latin1 ROW_FORMAT=COMPACT;

-- ----------------------------
-- Records of user
-- ----------------------------
INSERT INTO `user` VALUES ('U0001', 'ARITIO', 'TANGERANG', 'aritio@modernland.co.id;simatupangfunky@gmail.com', 'aritio', '9c7cc2cde1939666d314378b18857721', 'ADMIN', 'modernland_realty');
INSERT INTO `user` VALUES ('U0002', 'PANJI', 'JAKARTA', 'panjihadjarati@modernland.co.id', 'panji', '9c7cc2cde1939666d314378b18857721', 'USER', 'modernland');
INSERT INTO `user` VALUES ('U0003', 'HENDRI', 'JAKARTA', 'hendri@modernland.co.id', 'hendri', '9c7cc2cde1939666d314378b18857721', 'SUPERVISOR', 'modernland_realty');
INSERT INTO `user` VALUES ('U0005', 'HANNY', 'JAKARTA', 'ticketing.ast@modernland.co.id', 'hanny', '9c7cc2cde1939666d314378b18857721', 'USER', 'modernland');
INSERT INTO `user` VALUES ('U0006', 'PUTRI', 'JAKARTA', 'ticketing.ast@modernland.co.id', 'putri', 'a341a74ea661afcb5d8bdb07438987b0', 'USER', 'modernland');
INSERT INTO `user` VALUES ('U0007', 'ESTER', 'JAKARTA GARDEN CITY', 'ticketing.ast@modernland.co.id', 'ester', '9c7cc2cde1939666d314378b18857721', 'USER', 'modernland');
INSERT INTO `user` VALUES ('U0008', 'HERI DARMAWAN', 'JAKARTA GARDEN CITY', 'ticketing.ast@modernland.co.id', 'heridar', '4a2db3403a08e35f978b18e9e4f15048', 'USER', 'modernland');
INSERT INTO `user` VALUES ('U0009', 'RANGGAUNG', 'MODERN CIKANDE', 'ticketing.ast@modernland.co.id', 'ranggaung', '9c7cc2cde1939666d314378b18857721', 'USER', 'modernland');
INSERT INTO `user` VALUES ('U0011', 'AST SUPPORT', 'JAKARTA', 'ast.drive123@gmail.com,support@ast-global.co.id,jie.piranha@gmail.com,panjihadjarati@modernland.co.id', 'supportast', '82080600934821faf0bc59cba79964bc', 'VENDOR', 'ast');
INSERT INTO `user` VALUES ('U0012', 'YABES MULTIPRO SOLUSINDO', 'JAKARTA', 'jie.piranha@gmail.com', 'supportrealta', '9c7cc2cde1939666d314378b18857721', 'VENDOR', 'realta');
INSERT INTO `user` VALUES ('U0013', 'JOVI', 'DEPOK', 'jie.piranha@gmail.com', 'jovi', '9c7cc2cde1939666d314378b18857721', 'USER', 'pgm');
INSERT INTO `user` VALUES ('U0014', 'AST SUPPORT 2', 'JAKARTA', 'ast.drive123@gmail.com,support@ast-global.co.id,panjihadjarati@modernland.co.id,jie.piranha@gmail.com', 'supportast2', 'ccad16e0fe658a17b289328b26fb1931', 'VENDOR', 'ast');
INSERT INTO `user` VALUES ('U0015', 'TAMARA', 'JAKARTA', 'tamara@modernland.co.id', 'tamara', '2c216b1ba5e33a27eb6d3df7de7f8c36', 'SUPERVISOR', 'modernland_realty');
INSERT INTO `user` VALUES ('U0016', 'SUPPORT TEST', 'JAKARTA', 'panjihadjarati@modernland.co.id', 'supportaja', '9c7cc2cde1939666d314378b18857721', 'VENDOR', 'ast');
INSERT INTO `user` VALUES ('U0017', 'KUKUH', 'JAKARTA GARDEN CITY', 'ticketing.ast@modernland.co.id', 'kukuh', '9c7cc2cde1939666d314378b18857721', 'USER', 'modernland');
INSERT INTO `user` VALUES ('U0018', 'DIKSON', 'MODERN CIKANDE', 'ticketing.ast@modernland.co.id', 'dikson', '2534424c8acd2eaa539debcc10d0abb0', 'USER', 'modernland');
INSERT INTO `user` VALUES ('U0019', 'AST WEB', 'JAKARTA', 'jie.piranha@gmail.com', 'supportast_web', '9c7cc2cde1939666d314378b18857721', 'VENDOR', null);

-- ----------------------------
-- Table structure for user_kategori
-- ----------------------------
DROP TABLE IF EXISTS `user_kategori`;
CREATE TABLE `user_kategori` (
  `id_user_kategori` int(11) NOT NULL AUTO_INCREMENT,
  `nama_user_kategori` text NOT NULL,
  `keterangan` varchar(50) NOT NULL,
  `app` varchar(50) NOT NULL,
  `id_user` varchar(11) NOT NULL,
  PRIMARY KEY (`id_user_kategori`)
) ENGINE=InnoDB AUTO_INCREMENT=34 DEFAULT CHARSET=latin1;

-- ----------------------------
-- Records of user_kategori
-- ----------------------------
INSERT INTO `user_kategori` VALUES ('1', 'modernland_realty', 'modernland', 'ast_desktop', 'U0001');
INSERT INTO `user_kategori` VALUES ('2', 'modernland_realty', 'modernland', 'ast_desktop', 'U0002');
INSERT INTO `user_kategori` VALUES ('3', 'modernland_realty', 'modernland', 'ast_desktop', 'U0003');
INSERT INTO `user_kategori` VALUES ('4', 'modernland_realty', 'modernland', 'ast_desktop', 'U0004');
INSERT INTO `user_kategori` VALUES ('5', 'modernland_realty', 'modernland', 'ast_desktop', 'U0005');
INSERT INTO `user_kategori` VALUES ('6', 'modernland_realty', 'modernland', 'ast_desktop', 'U0006');
INSERT INTO `user_kategori` VALUES ('7', 'modernland_realty', 'modernland', 'ast_desktop', 'U0007');
INSERT INTO `user_kategori` VALUES ('8', 'modernland_realty', 'modernland', 'ast_desktop', 'U0008');
INSERT INTO `user_kategori` VALUES ('9', 'modernland_realty', 'modernland', 'ast_desktop', 'U0009');
INSERT INTO `user_kategori` VALUES ('10', 'modernland_realty', 'modernland', 'ast_desktop', 'U0017');
INSERT INTO `user_kategori` VALUES ('11', 'modernland_realty', 'modernland', 'ast_desktop', 'U0018');
INSERT INTO `user_kategori` VALUES ('12', 'ast', 'vendor', 'ast_desktop', 'U0011');
INSERT INTO `user_kategori` VALUES ('13', 'ast', 'vendor', 'ast_desktop', 'U0014');
INSERT INTO `user_kategori` VALUES ('14', 'ast', 'modernland', 'ast_desktop', 'U0016');
INSERT INTO `user_kategori` VALUES ('15', 'modernland_realty', 'modernland', 'ast_desktop', 'U0015');
INSERT INTO `user_kategori` VALUES ('16', 'modernland_realty', 'modernland', 'ast_web', 'U0001');
INSERT INTO `user_kategori` VALUES ('17', 'modernland_realty', 'modernland', 'ast_web', 'U0003');
INSERT INTO `user_kategori` VALUES ('18', 'modernland_realty', 'modernland', 'ast_web', 'U0015');
INSERT INTO `user_kategori` VALUES ('19', 'modernland_realty', 'modernland', 'ast_web', 'U0002');
INSERT INTO `user_kategori` VALUES ('20', 'ast_web', 'vendor', 'ast_web', 'U0019');
INSERT INTO `user_kategori` VALUES ('33', 'modernland_realty', 'modernland', 'ast_desktop', 'U0013');

-- ----------------------------
-- Table structure for user_status
-- ----------------------------
DROP TABLE IF EXISTS `user_status`;
CREATE TABLE `user_status` (
  `id_user_kategori` int(11) NOT NULL AUTO_INCREMENT,
  `nama_user_kategori` text NOT NULL,
  `keterangan` varchar(50) NOT NULL,
  `app` varchar(50) NOT NULL,
  `id_user` varchar(11) NOT NULL,
  PRIMARY KEY (`id_user_kategori`)
) ENGINE=InnoDB AUTO_INCREMENT=35 DEFAULT CHARSET=latin1;

-- ----------------------------
-- Records of user_status
-- ----------------------------
INSERT INTO `user_status` VALUES ('1', 'modernland_realty', 'modernland', 'ast_desktop', 'U0001');
INSERT INTO `user_status` VALUES ('2', 'modernland_realty', 'modernland', 'ast_desktop', 'U0002');
INSERT INTO `user_status` VALUES ('3', 'modernland_realty', 'modernland', 'ast_desktop', 'U0003');
INSERT INTO `user_status` VALUES ('4', 'modernland_realty', 'modernland', 'ast_desktop', 'U0004');
INSERT INTO `user_status` VALUES ('5', 'modernland_realty', 'modernland', 'ast_desktop', 'U0005');
INSERT INTO `user_status` VALUES ('6', 'modernland_realty', 'modernland', 'ast_desktop', 'U0006');
INSERT INTO `user_status` VALUES ('7', 'modernland_realty', 'modernland', 'ast_desktop', 'U0007');
INSERT INTO `user_status` VALUES ('8', 'modernland_realty', 'modernland', 'ast_desktop', 'U0008');
INSERT INTO `user_status` VALUES ('9', 'modernland_realty', 'modernland', 'ast_desktop', 'U0009');
INSERT INTO `user_status` VALUES ('10', 'modernland_realty', 'modernland', 'ast_desktop', 'U0017');
INSERT INTO `user_status` VALUES ('11', 'modernland_realty', 'modernland', 'ast_desktop', 'U0018');
INSERT INTO `user_status` VALUES ('12', 'ast', 'vendor', 'ast_desktop', 'U0011');
INSERT INTO `user_status` VALUES ('13', 'ast', 'vendor', 'ast_desktop', 'U0014');
INSERT INTO `user_status` VALUES ('14', 'ast', 'modernland', 'ast_desktop', 'U0016');
INSERT INTO `user_status` VALUES ('15', 'modernland_realty', 'modernland', 'ast_desktop', 'U0015');
INSERT INTO `user_status` VALUES ('16', 'modernland_realty', 'modernland', 'ast_web', 'U0001');
INSERT INTO `user_status` VALUES ('17', 'modernland_realty', 'modernland', 'ast_web', 'U0003');
INSERT INTO `user_status` VALUES ('18', 'modernland_realty', 'modernland', 'ast_web', 'U0015');
INSERT INTO `user_status` VALUES ('19', 'modernland_realty', 'modernland', 'ast_web', 'U0002');
INSERT INTO `user_status` VALUES ('20', 'ast_web', 'vendor', 'ast_web', 'U0019');
INSERT INTO `user_status` VALUES ('33', 'modernland_realty', 'modernland', 'ast_desktop', 'U0013');
INSERT INTO `user_status` VALUES ('34', 'modernland_realty', 'modernland', 'ast_desktop', 'U0013');
